#{"t_start": 1748078404.5678706, "env_id": "None"}
r,l,t--61.987209,122,6.78913
-57.398703,122,11.543744-5--59.196153,122,17.72247---66.81159,122,23.848438----67.131467,122,28.66321-59-61.616813,122,34.02148-7-59.179367,122,38.798845-6-65.139075,122,44.515311-6-65.465499,122,49.91203-6-60.287182,122,54.9203-61-63.948237,122,60.91168-6-59.884639,122,65.298031-5--60.877376,122,71.62922-5--63.315293,122,76.56127-6--62.467745,122,82.20810---62.340746,122,86.549723--6-64.256846,122,122.9497-62.-61.253839,122,128.923-65-6-62.734245,122,133.963-66.4-64.187992,122,139.408-69-59.189269,122,144.14107--59.-59.253603,122,150.293-60.718051,122,155.095055
--62.778245,122,160.38871
-53.9-51.642618,122,169.244-57-6-63.870435,122,174.65--60-6-60.261954,122,180.-62--68.918614,122,184.4525-6-62.382617,122,189.970979-66.-5-64.817099,122,195.36-65.0-59.336193,122,201.151-5-63.645692,122,206.60924-65.550733,122,212.137695
-58-60-60.191546,122,248.-62.-68.1-56.427989,122,254-60.--64-59.291196,122,259.-64.-58.5-61.334577,122,264-66.-59-57.793767,122,270.7-64.021--64.078304,122,275-60.-59.-59.174543,122,281-63.42-67-63.62086,122,286.-60.1-6--59.902181,122,291-62.0-67-58.332701,122,297-68.946-57.-60.576797,122,3-63.01-57-69.545536,122,308-61.-61.5-64.154864,122,312-68.030556,122,318.377767
-65.31171--57.328388,122,32-59.31354,122,329.026987
-50.-4-50.-60.992022,122,33-61.-69.-6--67.608961,122,3--58.-59.374534,122,378.046-64.369--59.574726,122,383.--58.288346,122,389.123005-64-58.081--58.485633,122,3--61.-60.05-62.360789,122,4--65.232196,122,405.53499
-65.14267-61.569524,122,4-63.60084-61.713388,122,4-62.-6-57.46875-56.89766,12-58.396828,122,427.482634
-60.632509,122-65.377787,12-62.878821,122-63.778919,12--61.220251,122,444.001491--61.930214,12-63.003473,12---60.9604-57.-55.735042,12--60.243577,12-61.39941,122-6-58.69-59.505479,122,495.-59.54562,-59.640772,122,5-54.796205,122,506.622502
---63.5-57.481102,122,512.0-63.35940-60.32485,122,517.--62.276458,122,522.821035--62.39-59.080016,122,527.9-47.96636,122-50.143177,12-6-62.304655,122,541.664023-58.979866,122,547.584158
--63.3-61.447-57.183881,122-61.0-5-59.97-63.130865,122-61.6-63.4630-59.570114,122-60.115106,122,568.897075
--63.-57.7119-59.960655,12-66.363819,122,579.937208
-6-58.6-63.712834,122,584.8-62.3-62.844847,122,590.625-63.133407,122,625.796991
-63.1-5-60.09-65.96803,122-6-56.791118,122,636.85036-63-61.-61.1956,122,641.90-62.-6-62.74130-65.951401,1-55-63.-59.9231-63.181293,-65.147466,122,658.704381
-56.-58.231139,122,663.69-62.704589,122,669.070285
-59.226596,-60.28-66.724933-61.3-65.175149,122,680.119-58.-6-64.564022,122,685.47-62.6-58.351218,122,691.147-59.---57.70798,122,696.304-47.499795,122,704.943677
-64.6-60.5041-67.201287,122-63.630818,122,715.724453
-62.-65.7651-66.547974,122,-62.010828,122,757.324456
-61.-61.054243,122,762.9858-63.-57.25-6-57.188391,122,-60.-59.1834-60.77006,122,7-63-66.214067,122,779.66077-61.875104-63.876254,122,7-62.396958,122,790.986173
-54.-63.619-62.377968,122,-53.8-69.991-58.346898,122,-60.126927,1-60.618776,122,-61-64.9-63.-62.696906,122,-59.423-64.4-62.637277,122,-59-61.66521-64.009248,122,-60-62.-68.8-62.054447,122,-60-64.312251,122,837.96240-62.95666,12-65.693763,122--57.8721,122,880.042403
-63.623826,122,886.3076
-63.08403-62.082466,122,891-59.186721,122,897.711093
-60.988873,122,903.902941
-61.931013,122,912.513551
-5-60-63.680172,122,917.493-62.039725,12-59.164259,122-61.8-56.077867,122,928.758-59.311129,12-63.800692,122-60.117293,12-58-57.732253,-64.3-67.041923,-65.191001-64.09-58.780107,-63.683566-61.056837,122-57-59.421751-63.7336,122,9-61.653269,-69.56454,122,968.267239
-68.468-56.872885-59.441892-63.811797,122,1010.2614
-65.0155-63.665665,-60.1172-65.166387,122,1021.64278
-59.13599,122,1027-64.86452-68.610779,122-57.2-60.40149-59.199033,122,1038-58.08726-55.520122,122-71.119957,122-60.24917,122,-55.6-64.9491-66.034388,122,1055.572872
-60.794793,122,1061.-63.1782-58.781338,122,1066.-54.9328-55.940824,122,1072.-60.31-5-58.11859,122,1078.3-60.236-37.294913,122,1-33.-40.0260-65.00034,122,1091.8-65.647-58.372562,122,1097.12672
-65.508982,-61.887772,122,11-55.118172,122,1138.596043--61.862387,122,1144.319855
-58.203971,122,1150.016254
-62.9333-65.770042,122,1156-57.010288,122,1162.012413
-60.820137,122,1168.107363
-52.192131,122,1174.033225
-56.7588,122,1180.169286
-56.664075,122,1185.960778
-67.508224,-62.887182,122,11-56.15929,122,1197.694425
-66.487648,122,1203.817055
-54.132878,122,1209.734648
-62.634652,122,1215.930092
-54.57171,122,1221.804204
-58.031277,122,1227.77103
-62.556526,122,1233.997789
-60.927248,122,1270.407704
-57.778046,122,1276.566399-5-62.178391,122,1282.46092-62-64.008525,122,1288.418-61.7-37.087428,122,1297.579151
-50.620391,122,1303.096-53.7-55.160097,122,1308.656-55.2-52.795698,122,1314.19303
-54.065569,122,1320.0704-61.-64.769142,122,1325.490222
-57.14017,122,1331.290057
-51.875586,122,1336.528431
-55.568408,122,1342.45588-59-59.038644,122,1347.891646
-60.545917,122,1353.15741-6-67.699893,122,1358.568136-6-61.767031,122,1364.078266-6-60.308903,122,1400.275596-5-58.345347,122,1405.998527
-59.436067,122,1411.549905-5-52.177833,122,1417.508166
-57.938004,122,1423.311763
-63.0267,122,1429.535008
-61.833027,122,1435.540853
-19.833525,56,1438.033711
-51.737623,122,1444.390019
-62.845088,122,1450.513612
-49.200081,122,1456.452967
-60.442627,122,1462.540326
-52.832666,122,1468.703449
-42.439778,122,1-36.727105,1-57.-51.769691,1-58.285691,1-59.-55.538691,1-63.401951,1-31.-52.858579,1-57.021505,-57.3-53.420161,122,1495.735-55.6-58.035728,1-63.003004,-52.7-57.154956,1-59.618089,-63.1-53.519793,1-59.822767,-58.5-58.062692,1-54.447839,-60.8-54.348781,1-57.794101,-54.2-57.325392,122,1558.885-54.8-53.478962,1-60.008838,-48.4-54.287643,1-57.878293,-53.-52.98806,122-57.767427,-56-56.498852,122-53.08199,1-46-57.058045,12-53.155351,1-52-62.014301,122,1591.8224-61.-52.549605,122,1597-58.6-53.-33.759583,88,1601.-53.6-56-51.777864,122,1607.-56.2-52-56.876907,122,1613-67.19-62-60.696978,122,1619-56.97-52-58.340521,122,1655-50.75-53-57.557914,122,1661.10416-52-59.390253,122,1666.72794-32-33.993676,122,1-30.20102-56.199097,122,1682.153244
-56-50.690507,122,1687.06555-57.522065,122,1692.880223
-66.290939,122,1698-55.28004-56.005304,122,1703.884207
-57.180811,122,1709.752663-5-66.562158,122,1715.144174-5-64.973273,122,1720-58.62-59-63.579361,122,1726-63.81-59-59.022298,122,1732-59.0-60.-58.760966,122,1737.5330-51.-59.229596,122,1743.2978-56.-57.338278,122,17-50.267-55.-54.095954,122,1785.0627-57.-60.951776,122,17-54.948-52.-61.014771,122,1796.8670-61.-50.902218,122,1802.750-60.1-65.498907,122,18-68.1-57.43-62.451986,122,1814.48-57.49-60.116314,122,1820.3-51.901-58.115497,122,1-52.8-55.849-63.909152,122,1-56.3-56.843-50.947828,122,1838.-57.1448-53.171796,122,1-69-60.13640-41.475014,122,1851.94587
-64.458228,122,1-53.863522,1-50.272758,122,1-60-49.76121-55.743836,122,1-65-66.06303-67.372965,122,1873.273679
-51.768184,122,1-56.216404,1-51.100488,122,1914.903173
-59.398785,122,1-50.68313,12-50.933128,122,-56.063592,12-69.836852,122,-52.332393,12-61.905831,122-49.581682,122-59.878608,122,1943.203097
-51.270622,122,1949.012939
-68.263308,122,1954.94205
-62.079794,122,-54.567161,12-54.961898,122,1966.483922
-53.748333,12-54.876743,122,-60.994347,12-55.382048,122,-55.222211,122,1984.350647
-65.138802,122,1990.734351
-65.618017,1-53.415692,122,1-55.354679,1-65.58214,122,20-50.908416,122,2009.240414
-63.329031,-53.603284,122,20-59.819434,122,2051.450229
-30.272519,122,2059.878707
-53.03378-54.468739,122,2066-54.014732,122,2070.189005
-60.189753,122,2076.002879
-51.982077,122,2081.256123
-53.29066-51.507376,122,208-57.295671,122,2092.03178
-51.190997,122,2097.849021
-54.558729,122,2103.003471
-54.582459,122,2108.607821
-49.678-59.332398,122,2115.4-50.000-54.954355,122,2121.0-52.459689,122,2125.562276
-52.43-53.927878,122,2132.-53.0218-55.213035,122,2138.-54.2827-60.618443,122,2173.-52.086002,122,2178.372336
-57.643426,122,2184.110021
-52.117318,122,2189.705004
-66.656462,122,2195.805523
-38.1859-51.941634,122,2202-45.95209-50.327533,122,2208-59.176747,122,2211.689789
-55.789496,122,2217.753878
-50.485319,122,2223.819211
-33.82-31.405237,122,2234.38-59.79-55.4942,122,2239.3312-53.264389,122,2243.402965
-54.930628,122,2248.97595
-55.072333,122,2254.397953
-56.041506,122,2259.684574
-5-57.386336,122,2266.286912-5-52.169955,122,2271.88901-53.837998,122,2306.280868
-5-49.566292,122,2313.123903-5-54.576177,122,2319.124534-52.481016,122,2323.217272
-51.347329,122,2329.025978
-5-48.195896,122,2335.6241-56.-53.24018,122,2341.61540-50.8891,122,2345.428906
-51.0-55.8004,122,2352.2217-53.-53.765794,122,2357.9978-47.-59.497338,122,2363.6838-54.-50.523173,122,2369.5579-57.-47.923916,122,2375.1147-56.-51.876819,122,2380.8924-57-51.82237,122,2386.372841-5-49.527657,122,2391.94779-56.697054,122,2426.371738
-35.576568,122,2433.883289
-50.850596,122,2439.283634
-5-53.689627,122,2445.51347-4-55.197483,122,2451.154637-55.666269,122,2454.936009
-5-54.842673,122,2461.692647-5-49.260836,122,2467.234798-5-58.196758,122,2472.30064-52.258158,122,2477.01553
--55.042818,122,2483.375134--53.760906,122,2489.465816--49.434378,122,2494.43288-52.301763,122,2498.655617
-59.032696,122,2505.462006-52.158744,122,2509.711406
-53.756735,122,2515.739528
--50.210037,122,2520.413718-46.582309,122,2554.479522
-49.740807,122,2560.621185
-53.218767,122,2565.89945
-46.596911,122,2572.498785
-53.524746,122,2577.975321-4-53.142766,122,2583.651402-4-47.339499,122,2589.916719-5-48.457584,122,2595.453927-4-49.761988,122,2602.616-28.17723,122,2609.021048
-48.518767,122,2614.423302
-53.27-50.547787,122,2617.9-51.049108,122,2624.501891
-52.334-48.91041,122,2628.68-50.32-52.48009,122,2633.832-49.8-48.856361,122,2639.821-55.494056,122,2646.563265
-53.335153,122,2652.428703
-55.25614,122,2688.138371
-50.373236,122,2693.96563
-18.-48.251587,122,2695.811-47.5-47.103741,122,2701.304-45.7-53.313539,122,2707.16-22.51-50.05055,122,2712.51-46.69-54.354237,122,2718.45-51.00-45.763671,122,2723.8-42.768-23.742757,68,2727.15-50.73-47.391717,122,2733.57-50.24-46.24616,122,2739.41-48.42-50.453848,122,2745.7-47.176-48.867853,122,2752.1-52.965-46.827944,122,2758.1-49.274-56.475315,122,2764.-46.6241-50.328338,122,2770.-51.1031-52.411086,122,2776.-21.846535,122,2786.154691
-26.7883-47.163218,122,2820-47.55807-47.664962,122,282-55.383876-51.723326,122,283-57.558995-46.921438,122,283-28.339289-49.147962,122,2843.210605
-45.844442,122,2848.599557
-48.413817,122,2854.016475
-49.365428,122,2859.640023
-58.477169,122,2864.950481
-48.12354,122,2870.831694
-51.08745,122,2876.678164
-20.935842,69,2-44.7333,12-46.907113,122,-38.238047,10-49.495816,122,-43.02183,122-65.828637,122-50.59594,122,-43.620844,11-56.428106,122,-49.591734,12-50.309138,122-57.760715,122-49.793348,122-47.575939,122-51.975176,122-47.368203,122-47.223151,122-21.949638,69,-48.890887,122,2969.589612--48.948662,122,2975.998887--50.049174,122,2982.17301
-55.967843,122,2988.416765
-37.126936,1-37.501481,122,2-47.663414-50.502472,122,300-51.453626-46.653075,122,300-54.929551-48.139267,122,30-51.56521,1-46.256601,122,3-53.520488,122,3025.656326
-45.261283,122,3031.573507
-45.563062,1-49.064459,122,3-50.338881,1-48.514372,122,3-24.643861,7-49.864405,122,-22.862187,7-53.818616,122,-58.963025,12-51.543402,12-45.940525,122,-48.483479,12-49.168398,122,-51.28947,122,3101.466993-4-52.954365,122,3107.48076-46-49.388976,122,3113.647885
-21.296,67,3116.903759--40.247379,122,3122.914973--45.931597,122,3129.215887--50.843081,122,3135.074743--50.507365,122,3141.335032
-48.266433,122,3147.735418
-53.509611,122,3154.299486
-50.796719,122,3160.74023
-44.056433,122,3166.977088
-49.654709,122,3173.057783
-32.169465,122,31-39.912327-54.032431,122,3183.512813
-50.574122,122,32-48.543891,-48.876402,122,32-55.612485,-50.727745,122,3-50.505302,-50.265181,122,32-48.362144,-19.037341,61,324-49.630301-22.270696,74,324-51.936375-57.006851,122,325-50.516046-45.761376,122,325-34.460527-53.530308,122,32-35.365221,-52.720348,122,32-51.851556,-50.334339,122,32-47.437749,-48.587904,122,32-51.395689,-54.076181,122,3288.391451
-43.449938,122,3294.375671
-53.23577,122,3300.599747
-48.488587,122,3306.928546
-45.140987,122,3313.28323
-55.850985,122,3319.466616
-47.756561,122,3356.222896
-19.145162,57,3359.-46.670-44.213685,122,3365.579358
-47.022766,122,3371.953972
-50.905971,122,3378.051322
-49.107513,122,3384.456236
-52.169388,122,3390.650226
-31.54237,122,3395.648428
-48.690052,122,3401.489399
-49.793535,122,3407.013245
-52.221522,122,3412.932033
-57.334169,122,3418.911302
-15.522809,52,3421.576281
-19.653673,64,3424.781838
-61.582581,122,3431.095731
-50.65958,122,3437.316317
-43.203946,122,3443.22879
-18.562889,66,3-54.214843,1-46.353716,122,3-49.907797,-52.514965,122,3-50.250114,1-53.614702,122,3496.37992
-14.502721,44,3498.438297
-15.230291,56,-59.992654,12-61.121089,122,-48.786372,12-16.454108,57,3-53.949716,122,3516.907115
-21.01923-62.775944,122,352-42.671066-48.455879,122,35-34.161745,-53.927766,122,3-20.422772,6-49.355634,122,-60.763539,12-50.033434,122,-52.275255,12-19.565248,61,3-50.733814,1-41.974772,122,3-53.880718,1-51.224242,122,3-51.237583,1-47.553109,122,3-54.90501,12-50.176759,122,-52.322205,12-6.037378,39,35-42.480544,122,3586.213045
-19.94161-58.159297,122,358-22.47862-48.171363,122,359-61.601911-48.751695,122,360-48.903011-54.742528,122,363-51.4956,1-54.669639,122,3-46.200496,1-17.20838,51,364-53.227864-41.577945,122,365-47.76564,-54.414404,122,36-54.256006,122,3665.678231
-21.128156,66,3669.195546
-42.188946,122,3674.958831
-50.646651,122,3681.275948
-52.860718,122,3687.927109
-46.873093,122,3693.881155
-55.937965,122,3700.149296
-46.039995,122,3706.195571
-14.71896,47,3708.339544
-15.018095,54,3711.611764
-56.302288,122,3717.907652
-50.658798,122,3724.157188
-50.774929,122,3730.674476
-52.454842,122,3736.309699
-53.398739,122,3773.080306
-55.03537,122,3779.232669
-50.913605,122,3785.416735
-52.437744,122,3791.827098
-48.843922,122,3797.68333
-4.674706,36,3800.893824
-2.140211,46,3802.930262
-55.40783,122,3808.332717
-16.284123,51,3810.646468
-14.979504,56,3813.680778
-59.636656,122,3819.948786
-51.022256,122,3826.025143
-55.059075,122,3832.228035
-54.627279,122,3838.757164
-50.951814,122,3844.879235
-53.367508,122,3851.144154
-50.71101,122,3857.522011
-55.309101,122,3863.793479
-50.071526,122,3870.198032
-52.564174,122,3876.522754
-50.190636,122,3913.098627
-49.484523,122,3919.627135
-52.168426,122,3925.682492
-53.550333,122,3932.018113
-19.069907,54,3934.992064
-41.207446,122,3941.126711
-54.667459,122,3947.618211
-18.183186,55,3950.826691
-16.66097,61,3953.853104
-57.968909,122,3960.397567
-53.744639,122,3966.65258
-49.829233,122,3973.020866
-51.657979,122,3979.200991
-49.373685,122,3985.616491
-16.237927,52,3988.575593
-17.051393,122,3994.754816
-17.802771,57,3997.326597
-19.157601,65,4000.338923
-71.646567,122,4006.398779
-50.421701,122,4012.192768
-51.226771,122,4018.153826
-52.773161,122,4054.659686
-10.953842,37,4056.867446
-15.426589,54,4059.879181
-61.617425,122,4065.644237
-53.525405,122,4072.296604
-14.206431,47,4074.695429
-15.634246,56,4077.913497
-66.503614,122,4083.582304
-56.427132,122,4090.679568
-20.035984,60,4093.348306
-15.376409,56,4096.156099
-65.17553,122,4102.384993
-58.062951,122,4108.897704
-18.680125,57,4111.70189
-39.537,122,4118.061733
-50.514165,122,4123.942128
-48.964539,122,4130.408069
-51.556382,122,4136.748898
-15.980004,57,4139.85467
-19.806681,67,4143.222568
-59.907139,122,4149.349572
-21.66786,65,4152.601793
-26.471891,85,4186.722186
-69.507122,122,4193.258445
-51.365742,122,4199.333638
-51.748115,122,4205.526182
-36.902419,122,4213.369727
-50.17958,122,4219.334805
-22.78317,62,4222.519629
-14.275303,53,4225.117507
-67.442057,122,4230.90643
-49.743961,122,4237.218284
-51.013129,122,4243.043394
-52.940368,122,4249.568459
-51.514171,122,4255.390849
-49.802909,122,4261.56248
-51.489362,122,4268.124135
-15.352392,51,4270.708381
-18.637893,62,4274.080755
-63.573269,122,4280.614161
-26.56884,75,4284.305429
-17.56856,62,4287.498152
-58.82213,122,4324.230163
-24.200873,67,4328.058971
-13.316441,49,4330.717937
-56.556336,122,4336.84215
-16.199989,50,4339.28041
-13.866237,51,4342.215065
-61.252501,122,4348.201036
-27.531521,76,4352.57955
-12.208388,48,4355.42642
-61.048827,122,4361.41664
-18.710852,57,4364.057818
-16.822503,57,4367.315478
-68.284605,122,4373.422774
-21.446017,60,4376.225902
-12.855146,48,4378.579761
-61.240828,122,4385.615656
-48.630393,122,4391.933578
-13.865207,46,4394.438497
-13.59733,53,4396.846378
-51.098405,122,4403.546615
-19.87895,55,4406.269848
-11.261572,45,4408.576072
-60.515237,122,4414.934875
-53.809493,122,4421.187967
-24.618778,69,4424.859352
-38.120688,122,4431.606425
-20.373158,63,4434.539004
-41.959338,122,4470.79381
-20.299288,58,4474.728008
-11.519528,47,4477.457086
-40.852715,122,4483.195583
-22.281086,63,4487.047748
-15.111309,55,4489.985558
-63.936304,122,4495.935625
-18.814829,61,4499.101482
-14.871411,53,4502.101048
-52.13929,122,4508.686402
-54.251695,122,4514.814503
-25.503217,68,4518.65395
-12.987569,46,4521.458806
-53.963096,122,4527.293046
-26.611438,71,4531.265687
-13.013572,49,4534.011584
-62.117994,122,4540.254148
-27.137925,74,4544.605118
-16.813526,61,4547.57924
-58.05488,122,4553.722096
-28.964355,75,4558.059148
-11.904863,47,4560.32071
-54.572644,122,4566.546137
-52.145882,122,4573.045213
-22.764387,64,4606.381837
-16.106801,55,4609.361551
-49.426155,122,4615.972481
-15.658466,46,4618.356309
-15.348243,55,4621.223063
-56.954935,122,4626.991596
-16.225237,48,4629.511718
-13.860009,53,4632.339609
-66.60605,122,4637.774716
-56.833134,122,4644.818081
-17.650278,59,4648.282676
-40.596667,122,4654.518211
-26.053033,72,4658.756831
-15.220752,55,4661.882242
-63.080532,122,4667.583577
-24.435693,68,4671.109587
-11.652594,45,4673.902127
-62.774395,122,4680.137879
-19.637186,54,4683.230249
-14.369952,54,4686.218068
-61.066982,122,4692.932525
-13.521211,40,4694.782403
-15.395099,55,4697.796662
-54.360973,122,4704.929458
-16.215642,48,4707.645042
-12.756545,47,4709.87768
-47.438491,122,4716.281974
-14.357867,43,4718.573627
-12.727844,50,4751.531374
-45.577771,122,4757.444009
-54.003405,122,4764.255377
-19.284122,52,4767.325791
-38.967131,122,4773.244402
-21.699931,60,4776.483596
-11.31894,44,4779.292314
-51.730457,122,4785.648211
-20.028905,59,4788.601398
-45.056615,122,4795.437844
-15.555998,47,4798.091519
-14.965878,54,4800.665267
-65.235978,122,4807.47263
-18.544452,53,4810.454963
-15.560569,58,4813.530439
-62.243067,122,4822.891191
-19.710776,53,4825.535853
-15.57729,55,4828.29424
-64.8602,122,4834.788845
-37.269666,97,4839.865506
-12.605114,49,4842.587218
-62.753632,122,4848.874796
-18.507361,53,4851.697267
-17.147568,59,4855.068256
-56.860981,122,4860.984914
-51.356662,122,4897.748961
-54.484178,122,4904.321791
-19.38658,52,4906.648717
-11.771282,47,4909.075595
-67.26753,122,4916.067606
-16.990393,51,4918.611993
-12.506609,49,4921.370568
-56.086876,122,4927.76736
-12.694664,41,4930.040691
-13.842959,51,4932.133373
-43.885236,122,4938.829768
-17.53107,52,4941.738993
-44.096707,122,4948.122375
-17.035303,45,4950.500428
-12.145634,48,4953.411374
-66.063335,122,4959.71814
-53.806228,122,4965.799034
-13.597838,39,4967.840081
-38.962396,122,4974.167189
-19.780326,55,4977.100671
-14.992641,54,4980.096059
-52.328237,122,4986.609773
-15.256747,46,4989.248516
-14.106214,51,4991.895572
-53.035806,122,4998.190359
-17.02592,54,5001.385728
-13.527852,51,5034.176746
-59.796324,122,5040.731502
-6.98897,33,5043.119057
-2.071675,40,5045.25759
-43.735207,122,5050.879084
-50.710911,122,5057.57531
-55.817655,122,5064.368899
-13.333105,42,5066.579224
-11.825641,47,5069.021384
-46.599424,122,5075.227075
-11.35397,39,5077.321275
-14.231851,52,5080.05764
-42.549951,122,5086.719345
-13.117213,42,5088.806928
-39.105926,122,5095.89517
-16.383375,45,5097.958244
-12.725907,50,5100.534241
-59.124468,122,5107.300601
-12.141082,42,5109.426116
-11.269461,46,5112.260136
-48.275419,122,5118.44489
-11.403068,35,51-49.853245,122,5123.05385
-52.734165,122,5129.318312
-14.395191,44,5131.52844
-13.099728,48,5133.720372
-50.427469,122,5140.354404
-12.470377-19.463586,52,514-37.242572,122,5178.711996
-24.035266,72,5183.020912
-12.284526,46,5185.7131
-48.710851,122,5191.535098
-50.627805,122,5198.632135
-52.601732,122,5204.961918
-16.635291,46,5207.309696
-11.262681,47,5209.769729
-47.140325,122,5216.587409
-42.366595,122,5223.285799
-17.91346,53,5225.762269
-13.94743,51,5228.699359
-57.624527,122,5235.320787
-8.983474,39,5238.490316
-1.548886,41,5240.409906
-46.240937,122,5246.023689
-51.021739,122,5252.490332
-15.353928,47,5254.888813
-17.215755,57,5258.179332
-56.111194,122,5264.68062
-14.519275,47,5267.196694
-10.416034,44,5269.777125
-50.636943,122,5276.236503
-13.629694,40,5278.375172
-11.31667,47,5280.957913
-60.442848,122,5287.122855
-13.882565,41,5289.579209
-11.879938,48,5322.229807
-46.819746,122,5328.517373
-11.880321,40,5330.763612
-14.835037,55,5333.943982
-58.738474,122,5340.022666
-10.07712,32,5341.844598
-11.902676,49,5344.534461
-51.692442,122,5350.955861
-18.814487,54,5353.64882
-13.246544,52,5356.422068
-55.766651,122,5362.600036
-13.698146,41,5365.06509
-11.117553,48,5367.887345
-45.769832,122,5373.692337
-52.157763,122,5380.017286
-15.942325,47,5382.416088
-14.425119,53,5385.527787
-48.880302,122,5391.744701
-15.175369,43,5394.484872
-12.487641,49,5397.031192
-51.767841,122,5403.377659
-14.766977,44,5405.400856
-15.428664,53,5408.416307
-62.889696,122,5414.821949
-17.074979,52,5417.297266
-10.606622,46,5420.029817
-44.237059,122,5426.359064
-15.2977,43,5429.064798
-1.329275,40,5463.420736
-37.499983,122,5468.45763
-52.035969,122,5475.254539
-14.065797,41,5477.490836
-12.05937,47,5479.471636
-38.748942,122,5486.37839
-13.953246,48,5489.247763
-11.141785,46,5491.361289
-42.812682,122,5497.694112
-15.095512,46,5500.65166
-35.544807,122,5507.10238
-16.409895,55,5510.136555
-12.917959,51,5512.899556
-51.535882,122,5519.231068
-50.485582,122,5525.24046
-13.333828,41,5528.070393
-14.098543,51,5531.081228
-42.345787,122,5536.857789
-13.504755,45,5539.439083
-10.296433,45,5542.279655
-42.674101,122,5548.409003
-12.059263,40,5550.618419
-13.27475,50,5553.571253
-41.408513,122,5559.907159
-11.522003,37,5561.842133
-15.003915,-37.617373,122,5-43.578911,122,5570.980887
-14.086734,43,5573.761572
-12.121144,49,5607.114686
-38.371665,122,5612.840317
-14.879773,46,5615.194098
-11.588903,50,5617.871483
-68.820666,122,5624.225056
-17.773167,53,5627.029496
-14.307366,53,5629.840258
-47.525161,122,5636.305483
-13.162416,40,5638.292277
-36.558279,122,5644.678267
-23.760979,63,5647.895971
-12.97018,49,5650.971415
-49.123644,122,5661.783363
-16.539592,53,5664.489956
-11.900762,48,5667.07162
-41.577103,122,5672.969821
-52.520123,122,5679.21284
-48.852446,122,5686.143516
-13.003499,43,5688.122676
-14.609387,54,5691.064652
-41.883805,122,5698.075405
-12.319858,40,5700.122926
-12.427746,46,5702.326658
-38.638919,122,5709.222087
-14.561153,43,5711.207517
-9.898508,44,5713.635891
-49.715652,122,5749.885796
-16.140402,44,5752.359842
-11.915173,48,5755.249652
-45.65637,122,5761.657365
-15.188673,48,5764.056115
-39.481149,122,5770.779572
-11.832885,39,5772.937553
-10.778524,46,5775.353378
-53.918746,122,5782.078465
-14.439099,44,5784.341254
-11.786401,48,5787.252361
-50.114811,122,5793.701981
-19.522109,53,5796.595709
-12.742893,52,5799.61292
-42.425847,122,5805.772032
-17.173797,50,5808.460161
-12.566654,47,5811.323312
-38.769941,122,5817.316581
-53.494543,122,5824.253901
-54.163782,122,5830.302153
-11.150687,37,5832.392368
-11.66906,47,5834.789043
-40.653142,122,5841.677496
-12.090694,38,5844.150665
-12.163933,48,5846.648316
-49.149103,122,5857.201516
-15.332538,43,5859.165902
-12.841645,50,5861.836812
-40.506309,122,5898.650803
-14.781337,44,5900.363261
-10.021791,44,5902.526624
-44.550803,122,5909.624069
-13.807069,43,5911.675779
-38.963118,122,5918.091154
-14.019034,44,5920.754339
-10.80524,43,5922.852151
-43.489871,122,5929.321997
-23.976825,67,5932.903354
-11.159646,46,5935.223186
-36.901987,122,5941.780216
-14.999967,46,5944.698897
-12.608703,49,5947.110625
-37.858875,122,5953.78021
-57.113898,122,5960.466869
-16.230721,48,5963.100296
-9.988317,43,5965.775928
-35.482111,120,5972.085227
-43.860872,122,5978.086842
-57.504186,122,5984.16953
-51.429628,122,5990.821718
-51.55795,122,5997.121373
-12.769605,41,5999.776601
-10.448424,45,6002.331105
-35.804224,122,6038.831077
-20.307295,60,6041.895873
-9.89373,43,6044.330989
-33.81873,122,6051.435732
-14.342987,44,6053.837839
-10.744464,44,6056.383568
-46.877967,122,6063.078374
-20.931875,57,6066.449717
-12.21678,50,6069.006574
-38.000113,122,6074.976361
-15.092809,45,6077.712287
-1.572671,39,6079.826311
-30.99458,122,6085.429867
-14.818215,46,6087.653006
-9.753213,42,6089.88683
-42.291924,122,6096.400726
-12.315259,37,6098.540146
-12.394773,49,6101.161459
-37.730222,122,6107.619753
-25.254118,64,6111.388806
-11.977145,48,6113.63171
-36.582246,122,6120.697239
-19.186197,57,6124.188219
-12.149448,47,6126.199402
-43.012035,122,6132.30614
-15.667484,42,6134.939925
-9.408456,44,6137.402065
-37.909899,122,6143.748347
-13.840924,47,6146.259109
-10.486079,46,6178.745072
-39.555876,122,6185.472474
-15.260312,47,6187.952644
-9.558582,43,6190.304841
-37.861979,122,6196.835576
-14.396309,44,6199.313465
-39.466214,122,6206.115353
-52.400549,122,6212.686375
-36.869937,104,6218.138773
-10.570795,45,6220.654179
-37.145957,122,6227.628457
-29.197308,80,6231.198674
-13.572352,52,6234.356486
-38.833077,122,6240.78838
-11.375193,36,6242.666053
-9.178613,43,6245.12805
-39.987884,122,6251.670288
-50.795519,122,6258.06247
-13.144412,41,6259.896197
-12.257107,50,6262.973449
-50.056371,122,6269.300542
-12.384979,42,6271.450002
-11.607083,44,6274.044684
-18.436177,122,6280.690854
-14.898165,42,6282.673845
-11.736628,47,6285.731002
-40.170609,122,6292.049333
-12.304388,42,6294.418299
-12.51297,49,6327.739653
-37.71865,122,6334.057949
-51.797314,122,6340.477821
-13.37988,46,6342.59171
-36.629699,122,6349.400083
-14.637326,46,6351.881051
-34.818053,122,6358.478173
-12.939653,44,6360.927334
-41.909589,122,6367.481709
-14.186546,47,6369.980471
-10.858674,44,6372.299358
-37.178758,122,6379.461508
-12.101525,39,6381.572639
-10.311461,44,6383.5751
-41.360676,122,6389.926038
-10.845922,40,6392.28732
-9.462723,42,6394.903313
-40.151187,122,6400.699327
-10.544985,34,6402.628222
-11.434411,46,6405.246841
-37.794653,122,6412.181428
-11.328907,37,6413.925969
-10.317038,43,6416.059936
-34.754966,122,6422.183003
-12.198001,40,6424.371795
-10.65196,44,6426.551485
-34.700244,122,6433.062408
-41.831184,122,6470.275986
-12.453095,38,6472.197913
-11.222487,44,6474.401107
-36.107147,122,6481.502582
-13.46018,43,6484.095021
-13.396484,53,6486.612459
-35.506415,122,6493.14652
-48.053811,122,6499.958982
-7.526143,39,6504.613019
-29.175745,122,6509.927781
-24.10175,69,6514.112605
-12.914034,50,6516.263291
-33.6855,122,6522.491622
-19.712687,62,6525.596597
-11.49178,45,6528.055523
-41.745791,122,6534.042499
-12.348965,41,6536.129934
-10.067941,42,6538.724338
-35.669225,122,6545.35946
-12.691613,40,6547.639688
-9.221473,43,6550.204421
-33.390107,122,6556.956162
-11.723484,35,6558.845541
-11.756708,48,6561.231364
-37.969397,122,6567.671264
-11.605209,41,6570.25447
-10.703169,45,6572.334466
-35.895402,122,6578.363464
-20.356973,60,6611.815103
-9.924672,43,6614.416686
-36.708846,122,6620.895825
-12.969271,44,6623.257508
-11.024845,45,6625.872825
-37.270737,122,6632.214599
-48.130494,122,6638.695264
-11.802387,39,6640.706627
-10.799129,44,6643.399339
-37.636382,122,6650.087914
-13.901172,45,6652.2865
-10.506674,43,6654.584903
-33.246206,122,6660.801906
-12.708888,40,6663.272139
-11.451259,47,6666.074431
-34.137353,122,6672.036712
-11.717121,41,6674.285333
-9.554312,42,6676.638408
-32.842873,122,6682.542754
-14.708482,46,6685.019735
-12.048536,48,6687.872262
-40.874957,122,6693.904863
-11.82135,35,6695.981464
-2.433416,39,6698.94698
-22.514984,122,6704.225604
-13.829559,43,6706.605625
-10.076842,43,6708.900155
-33.053447,122,6715.06414
-12.628192,38,6717.227511
-10.9472,45,6719.891656
-37.167349,122,6756.3159
-15.173938,47,6758.943547
-10.048065,44,6761.087567
-40.522974,122,6767.503149
-28.708248,85,6771.925228
-10.247315,44,6774.305188
-37.553381,122,6780.817892
-14.964196,48,6783.678917
-10.480519,46,6785.809845
-33.621973,122,6792.665267
-15.221734,45,6795.112129
-11.447381,45,6797.721704
-33.58172,122,6804.046896
-11.641611,41,6806.179598
-9.528866,44,6808.30615
-42.041731,122,6814.957795
-50.528645,122,6820.885432
-11.056822,34,6822.7866
-10.570205,45,6825.450565
-36.747732,122,6832.003132
-11.700121,39,6834.003177
-13.498102,51,6836.554376
-31.999113,122,6843.441632
-13.134541,44,6845.616082
-9.683611,45,6848.033383
-40.575538,122,6854.434433
-14.149901,45,6856.66458
-11.928839,48,6859.189569
-45.920705,122,6895.48922
-13.535126,48,6898.208823
-10.662646,46,6900.733955-4-25.248789,103,6906.686833
-41.2147,122,6912.773844
-12.518093,43,6915.392761
-9.398093,42,6917.761828
-37.075015,122,6927.790376
-42.80868,122,6934.312702
-13.375252,45,6936.314029
-12.214122,50,6938.930665
-38.236345,122,6946.046584
-9.384943,34,6947.694654
-9.824931,44,6950.204937
-30.315809,103,6955.719804
-48.815864,122,6961.945572
-12.483985,41,6964.084556
-9.284244,43,6966.498766
-34.180526,122,6973.18862
-13.701814,46,6975.636005
-12.388339,50,6978.637552
-35.347612,122,6984.648343
-44.552217,122,6991.099727
-15.379336,54,6994.250296
-10.474801,45,6996.241428
-34.508822,122,7002.453399
-37.123887,111,7038.899651
-36.509649,122,7045.078871
-13.812957,43,7047.342372
-8.50038,42,7049.773003
-31.900069,122,7056.188689
-11.053698,38,7058.028614
-13.235763,53,7061.149405
-42.403089,122,7067.465895
-16.127237,50,7069.856481
-9.941898,44,7072.520085
-33.116236,122,7078.555133
-12.053671,43,7080.978046
-8.617608,39,7083.115783
-37.458884,122,7089.299768
-27.431453,82,7093.956004
-10.970649,47,7096.871612
-33.478699,122,7103.062999
-10.721704,37,7105.214351
-10.3-43.319336,122,7110.85-32.691149,122,7114.227454
-7.672787,38,7119.544971
-2.88-30.577705,122,7124.4-27.447-49.25547,122,7131.063735
-12.999218,42,7133.306737
-10.898316,44,7135.57-32.48-31.940032,122,7142.341757
-12.082179,41,7144.7-40.082091,122,7147.110447
-10.03-32.086235,122,7153.597656
-11.695575,40,7186.-34.353109,122,7188.390963
-15.14-32.783803,122,7194.582307
-11.06223,41,7196.73-31.97634,122,7199.613596
-13.4-37.466887,122,7205.910003
-11.183017,40,7-47.-35.089309,122,7210.9241-30.-11.742-35.457385,122,7217.08848
-19.556875,59,72-3-33.27240-38.718596,122,7226.695344
-11.735732,39,7228.82971
-12.718476,49,72-34-34.4228-32.033129,122,7238.085153
-19.743981,62,7240.84669
-11.397161,47,7-38.-35.0559-33.475562,122,7250.145365
-11.036635,36,7252.079905
-9.771668,45,72-31.-33.376-31.719466,122,7261.0-42.82-12.29325,43,7263.6283-10.-9.337448,43,7266-29.19-9.-32.473964,122,727-47.9-32.145337,122,7272.769-19.1-45.68819,122,7279.408971
--33.036745,122,7282.6-32.3-9-49.174514,122,7289.1623-34.039227,122,7290.585105
-11.661212,42,7323.349-32.6-33.688085,122,7330.480223-32.908879,122,7332.063211
-11.838955,43,7334.4314-33.-31.337626,122,7341.67512--6.289296,34,7346.647272
-2.283342,39,7348.624289--27.358625,122,7354.408239
-12.078623,42,7356.994886
-12.388392,50,7359.041851-3-34.650436,122,7365.552633
--41.876997,122,7370.464033
-16.442619,54,7373.17513-32-12.150433,51,7375.903776-4-35.560786,122,7381.743984-1-13.881224,45,7384.60770-10-8.406061,40,7386.886384-3-62.561858,122,7393.481602-1-15.203423,48,7396.211884-1-10.404161,45,7398.863559-3-33.206176,122,7405.210703-43.12432,122,7411.990582
-25.85573,77,7415.928666
-10.087077,42,7418.127538
-33.275712,122,7424.682691
-11.749073,37,7426.455319--10.314474,44,7429.25163
-32.991642,122,7435.820088
-12.183547,41,7468.314465-3-10.070898,43,7470.574818--34.001243,122,7476.927605
-15.670516,56,7480.171031-4-41.170818,122,7486.378071
-22.200808,63,7489.699098
-9.599757,46,7492.622216
-35.200311,122,7499.016703
-10.531988,39,7500.9650-40.-9.123182,43,7503.367597-1-38.432673,122,7509.961493
-13.411186,47,7512.2869-32.-11.358378,46,7514.78417-11-33.289446,122,7521.12749
-15.044307,45,7523.56047-32-10.497071,44,7526.23534-14-39.063422,122,7532.996244
-11.274447,40,7534.93-31.33-8.149811,41,7537.4286-14.-53.426125,122,7546.043595
-13.837042,43,7547.8556-51.204276,122,7550.885667
-1-34.237111,122,7556.413604
-11.701259,40,7558.3456-33.111289,122,7561.868371
-1-32.306754,122,7567.4492-9.-12.102215,42,7569.679-33.699886,122,7572.970779
-14.-32.606599,122,7579.142849
-11.236543,35,7581.-34.6427-36.870318,122,7617.674096
-10.147806,37,7619-10.40007-39.289446,122,76-30.70844,1-11.920807,40,76-10.07-11.5-10.108721,43,76-9.094-10.8-33.787426,122,-38.965816,1-11.321589,37,76-10.62-53.8-38.4526,122,7645.66077-1-14.450267,48,7648.253182
-39.046977,122,7655.002223
-9.738189,35,7657.146338-1-9.811019,44,7659.511059--31.697821,122,7665.218355-3-17.407734,53,7668-53.855839,122,7669.973846
-9.5670-39.598001,122,7677.005624--10.065861,36,7-31.99168,122,7680.793499
-10.802424,-31.329172,122,7687.727125
-11.349939,44,-30.553825,1-10.845876,48,76-12.803538,-35.616706,122,7699.029272
-16.149787,4-29.165341,122,-9.858855,43,-11.995887,39-32.692179,122,7710.616344
-11.146403-34.230577,122,-8.582558,42,-11.195542,38-31.658409,122-43.536599,122-10.304312,39,-12.815072,45-9.242522,41-10.258459,44,-33.026117,12-31.356986,120,-11.032894,39-47.555044,122,7771.694138
-43.430782,122,7778.150397
-10.73864,40,7780.452321
-10.483731,46,778-43.635908-27.934255,122,7789.288813
-51.61645,122,7796.097752
-31.719212,90,7800.666176
-10.241788,45,7802.922235
-44.340178,122,7809.890726
-10.645166,38,7812.01033
-10.112465,43,7813.851153
-29.703336,122,7820.343351
-49.827404,122,7827.042085
-15.377094,53,7830.099917
-10.085718,44,7831.917966
-32.454159,122,7838.523968
-9.838157,38,7840.590048
-8.892984,43,7842.609088
-34.545401,122,7849.09952
-10.931962,38,7851.191995
-9.440515,43,7853.4434
-29.285226,122,7859.676709
-10.619114,39,7861.739559
-10.91466,46,7864.47385
-33.87578,122,7901.037328
-9.59871,37,7903.490443
-9.518996,44,7905.953261
-32.500625,122,7912.140006
-9.972924,37,7914.646289
-8.751686,43,7916.946919
-35.034653,122,7923.246507
-11.123902,37,7925.346908
-9.926591,44,7927.882638
-31.130517,122,7934.315903
-11.291907,35,7936.337997
-9.878952,42,7938.892979
-30.621844,122,7944.788803
-8.971777,35,7946.942694
-9.465577,43,7949-31.72284-32.646436,122,7955.514014
-9.331172,36,7957.044714
-9.166003,44,7959.-32.2503-18.61926,106,7966.637367
-43.080044,122,7973.266849
-11.53377,42,7975.194857
-9.367966,45,7977.54092
-32.232311,122,7984.235919
-10.376778,39,7986.284266
-9.585363,44,7988.485874
-32.676304,122,7994.526774
-48.403106,122,8001.350656
-33.702827,121,8007.422236
-8.503665,42,8009.850651
-24.12473,100,8044.848346
-45.803991,122,8051.463267
-11.415723,44,8053.579496
-10.55292,46,8055.873675
-30.281475,122,8062.802002
-8.484701,36,8064.592243
-9.527253,43,8067.003513
-30.42864,122,8073.699441
-11.445138,44,8076.001117
-10.362567,45,8078.411992
-36.648549,122,8084.566666
-44.62003,122,8091.134413
-9.336388,39,8093.018607
-8.882157,43,8095.586467
-31.186171,122,8101.891872
-39.415892,122,8108.618831
-16.660158,57,8111.647186
-37.333369,122,8117.392767
-10.827296,36,8119.486709
-8.457811,40,8121.537174
-30.349765,122,8127.992599
-15.935979,48,8130.678575
-9.561426,44,8133.09263
-32.699179,122,8139.541046
-12.415153,46,8141.982087
-8.899468,42,8144.202801
-32.624012,122,8181.223791
-10.45051,39,8183.329522
-9.07382,41,8185.410172
-19.050415,122,8191.450735
-11.573082,39,8193.336625
-8.993032,43,8195.647779
-29.403062,122,8201.81595
-12.034505,43,8204.086179
-9.655556,44,8206.411753
-33.743924,122,8213.048098
-10.905011,41,8215.366558
-8.886934,42,8217.51162
-31.99943,122,8224.275616
-10.863236,37,8226.457608
-9.330984,43,8228.53053
-28.64576,122,8234.842615
-9.97207,33,8236.72548
-9.769062,44,8239.378123
-30.077341,122,8245.941032
-14.255955,48,8248.540096
-10.980992,49,8251.102936
-32.153697,122,8258.212209
-10.540591,36,8260.032406
-9.713349,46,8262.661364
-31.25441,122,8268.794882
-13.456638,43,8271.419187
-8.934241,45,8273.929551
-30.864561,122,8280.218053
-42.961165,122,8286.456301
-44.817949,122,8293.332404
-11.360743,44,8325.568467
-8.729077,41,8327.914974
-30.204027,122,8334.508555
-8.260821,33,8336.706467
-7.821792,41,8339.052001
-37.81257,122,8344.910356
-14.036381,51,8347.965173
-8.387757,41,8350.115794
-31.258177,122,8356.241339
-10.197162,38,8358.188319
-10.484455,45,8360.823749
-31.184855,122,8367.533259
-10.025194,33,8369.453726
-9.069551,41,8371.554989
-28.782738,122,8377.571857
-11.667178,43,8380.022238
-1.682417,39,8384.263407
-26.736336,122,8389.929657
-11.856819,43,8392.359596
-9.430349,44,8394.604531
-28.576265,122,8400.895663
-11.460691,42,8403.07307
-7.648764,41,8405.251886
-28.832907,122,8412.013345
-34.313584,103,8417.540443
-9.653769,46,8420.445901
-30.224059,122,8426.574224
-15.225108,49,8429.271044
-9.291715,43,8431.63924
-29.649941,122,8438.068528
-10.593167,41,8470.273982
-8.504598,41,8472.430364
-30.493078,122,8479.175341
-13.203176,43,8481.592941
-8.780012,43,8483.909443
-31.961186,122,8490.368302
-15.80165,53,8493.415329
-8.43013,41,8495.519333
-24.482452,110,8501.62962
-14.944635,62,8504.73417
-10.961509,39,8507.015352
-8.419736,44,8509.598071
-28.673193,122,8516.045496
-9.927974,35,8518.07248
-8.747612,44,8520.26613
-21.06077,105,8525.902398
-42.502573,122,8532.572897
-12.146576,43,8534.945961
-8.414614,41,8536.974144
-30.577912,122,8543.561676
-37.133672,114,8549.673655
-8.797196,43,8551.495925
-21.95487,102,8556.899213
-41.082907,122,8563.665752
-9.820051,36,8565.241663
-9.742735,46,8567.72079
-21.516585,102,8573.25725
-36.544362,122,8583.940921
-9.567782,35,8615.557767
-8.134658,41,8617.778064
-21.292511,103,8622.633837
-40.967491,122,8629.025869
-47.607494,122,8635.314651
-9.288398,36,8637.239107
-8.271005,40,8639.191054
-30.103748,122,8645.764592
-8.544856,35,8647.883087
-8.315357,42,8649.775425
-20.355716,96,8654.884154
-13.414077,62,8658.64548
-34.451394,96,8663.512765
-8.554351,44,8665.657122
-22.988411,107,8671.265447
-39.865393,122,8678.033408
-15.702261,51,8680.905067
-8.328582,42,8683.190606
-30.917747,122,8690.050683
-11.60311,44,8692.773629
-8.453736,43,8694.717423
-30.794557,122,8700.758819
-11.895379,42,8703.486523
-7.231263,37,8705.508813
-24.271016,115,8711.336656
-17.201115,72,8715.035114
-11.515128,40,8717.58655
-8.153485,41,8720.1233
-21.846088,105,8755.37521
-12.083019,50,8758.248787
-10.077649,37,8759.987523
-7.330751,38,8762.388465
-29.193747,122,8769.274749
-9.934261,39,8770.90923
-8.334611,42,8772.981483
-23.446527,107,8778.772661
-38.329755,122,8785.026509
-17.721043,55,8787.954686
-7.672331,42,8790.245813
-23.005317,111,8796.418525
-43.120055,122,8802.534759
-6.559843,33,8804.792294
-2.357031,38,8806.478071
-18.309722,108,8811.691998
-19.173896,74,8815.186976
-13.154015,48,8817.391369
-8.184897,43,8819.813149
-25.238963,121,8826.133634
-18.987421,71,8830.200479
-41.845294,122,8835.749206
-25.406662,78,8840.474564
-7.416674,40,8842.752067
-30.211282,122,8848.615422
-40.110326,122,8855.303233
-36.932177,109,8860.587113
-8.109096,40,8863.219728
-28.628062,122,8900.117829
-12.431226,44,8902.717754
-7.453035,39,8904.951396
-21.436853,109,8910.454861
-18.429308,72,8914.313267
-11.237868,42,8916.456454
-7.680481,41,8918.947091
-26.586842,122,8925.248981
-12.869096,42,8927.436936
-7.955056,38,8929.663196
-21.153276,100,8935.042573
-38.469438,122,8941.202673
-23.561582,75,8945.181915
-8.208779,41,8947.750032
-27.83794,122,8954.562558
-9.486,37,8956.3404
-8.483775,41,8958.523248
-33.419998,122,8965.230172
-10.833188,36,8967.246861
-7.376744,40,8969.412326
-27.754966,122,8975.21304
-56.35083,122,8982.215566
-23.62577,70,8985.681761
-8.793923,44,8987.72576
-22.62818,112,8993.710522
-24.49881,122,9002.591605
-10.684727,40,9004.547214
-7.329906,39,9007.027418
-32.420307,122,9043.894396
-12.31321,47,9046.295771
-32.730704,122,9052.732645
-13.593401,51,9055.813567
-8.233665,43,9058.365586
-27.145526,114,9063.366261
-43.497498,122,9070.124204
-12.049526,45,9072.492085
-8.121811,42,9074.475189
-32.150406,122,9080.862494
-54.057575,122,9087.290702
-54.419057,122,9093.851438
-13.304376,45,9096.262996
-7.304358,39,9098.169666
-22.534315,112,9104.432088
-36.721815,122,9110.639146
-17.557195,57,9113.366918
-8.998859,45,9115.503099
-28.939237,122,9122.718084
-8.988981,36,9124.466465
-7.501673,40,9126.200007
-25.349499,107,9131.833688
-13.329891,60,9135.408978
-12.168706,46,9137.362968
-8.488211,42,9139.823421
-21.479141,101,9145.26713
-18.810224,72,9148.79085
-10.425965,41,9181.438252
-7.933702,41,9183.508254
-22.389889,97,9188.057564
-12.320129,61,9191.67689
-13.106865,44,9194.423374
-6.30007,40,9196.442824
-23.921276,111,9201.781724
-13.249786,60,9205.129969
-9.842124,37,9207.0714
-7.627759,42,9209.953767
-26.229949,119,9215.72121
-22.178462,122,9226.880719
-14.785392,51,9230.056413
-7.414511,39,9232.165532
-18.701805,94,9236.739841
-41.861392,122,9243.083037
-10.261904,44,9245.410765
-7.600681,40,9247.558976
-21.689931,101,9253.22269
-34.625706,122,9259.575974
-10.248526,35,9261.677477
-8.584733,42,9263.836934
-31.3006,122,9270.260233
-16.377977,50,9272.841925
-8.845849,41,9275.184132
-20.59265,106,9280.968609
-36.857499,122,9287.36166
-15.407176,53,9290.174971
-8.548012,43,9292.590568
-23.545416,103,9327.999517
-13.537184,63,9331.557478
-9.192023,38,9333.338986
-8.124746,41,9335.458948
-21.562875,105,9341.335676
-37.208821,122,9347.50321
-11.524953,43,9349.831535
-7.411187,40,9352.085767
-24.94671,116,9358.462323
-16.537256,71,9361.838118
-44.217131,122,9368.353971
-12.032756,44,9370.741115
-7.109161,39,9373.201273
-31.29816,122,9379.535305
-12.147868,35,9381.74582
-8.395363,45,9384.159197
-30.025457,122,9390.154629
-10.532206,39,9392.303923
-33.627921,122,9398.900309
-11.944694,42,9401.434115
-7.737329,40,9403.494484
-24.471473,106,9409.163219
-34.77078,122,9415.33405
-35.630243,122,9422.827817
-11.426633,41,9424.977202
-7.604079,41,9427.314035
-21.114381,104,9432.131791
-14.372064,60,9435.983837
-11.536909,44,9438.767768
-8.623244,43,9471.128795
-26.179353,119,9476.910319
-15.563309,73,9480.895648
-15.414744,49,9483.953876
-8.100645,41,9485.956392
-22.965673,113,9491.689623
-17.779749,67,9496.000868
-9.543927,36,9497.791454
-8.943041,45,9500.042492
-20.580211,102,9505.37118
-34.147343,122,9512.243235
-10.954744,41,9514.469696
-7.063111,39,9516.539339
-24.466235,115,9522.421328
-36.20962,122,9529.117811
-9.217357,36,9530.958534
-8.890508,43,9533.275778
-26.489614,122,9539.683565
-11.598737,42,9541.877378
-8.364191,41,9544.131824
-20.386022,101,9549.493649
-33.246693,122,9555.887596
-14.133347,47,9558.905294
-31.181399,122,9565.572406
-10.077693,41,9567.858637
-7.139397,42,9569.791178
-23.484417,110,9575.619424
-15.085805,66,9579.482829
-10.878821,43,9612.054195
-7.834492,43,9614.015534
-20.410779,99,9619.159665
-34.466559,122,9626.076833
-9.994665,39,9627.836863
-7.831504,40,9629.864126--26.020508,122,9636.503779--21.10154,66,9639.844662
-15.263223,122,9649.312892
-43.04918,122,9655.776331
-15.95553,56,9658.513825
-7.363433,39,9661.092562
-19.419478,97,9665.786665
-13.596295,60,9669.177526
-8.809297,34,9671.000174
-7.710105,41,9673.382789
-28.711875,122,9679.361855
-42.331756,122,9685.876817
-12.073068,46,9688.355259
-6.938951,42,9690.684615
-20.246073,102,9696.077996
-13.375448,62,9699.556257
-8.764971,37,9701.151462
-8.4-36.008161,122,9705.43-20.44-32.191941,101,9710.80-39.53-33.286989,122,9717.3-11.408-8.90996,35,9719.251-7.40-6.756075,39,9721.385-29.2-28.849942,122,9758.201-9.5-9.255783,37,9760.5309-8.7-7.664856,40,9762.504-23.5-25.33639,116,9768.977-15.0-12.885293,60,9771.989-13.-10.211842,38,9774.1786-8.0-7.876087,42,9776.5365-28.574939,122,9781.999861
-39.195557,122,9788.434172
-14.058926,51,9791.249851
-7.472969,40,9793.008272
-32.153548,122,9799.836927
-17.131914,59,9802.747509
-7.277522,39,9805.114018
-24.609494,113,9810.804977
-32.100481,122,9817.303441
-9.163755,36,9819.255645--8.200379,42,9821.479985
-19.117272,98,9826.553589
-41.509206,122,9833.03243
-10.916715,39,9835.145474
-8.632161,43,9837.932847
-1-15.13898,122,9845.590537-12.279055,64,9847.911894
-16.95206,58,9850.779185
--23.635606,111,9855.90831-22-13.429943,58,9858.687558-33.311572,122,9864.681288
-11.814638,42,9867.035798--7.276283,41,9899.35897
-20.988894,103,9904.215506
-38.141822,122,9911.18437
-9.511588,37,9913.320856--6.794747,40,9915.449161
-25.269278,111,9920.957404
-13.836482,59,9923.978816--34.677384,112,9930.445995
-7.312612,39,9932.338037
-29.866369,122,9938.710639
-10.480092,39,9941.152111--7.994588,43,9943.630394
-27.540303,122,9949.704525
-10.021369,37,9951.84974
-7.855069,43,9954.77839
-23.226044,107,9959.951537
-31.496948,122,9966.848425
-10.940968,41,9968.867947
-8.223681,42,9970.972722
-21.76286,108,9976.563938
-34.974515,122,9983.038999
-10.463872,41,9985.13734
-7.203289,42,9987.127091
-28.573996,122,9993.799564
-9.387261,38,9995.784159
-7.092556,39,9998.266052
-22.344687,102,10003.745929
-36.627252,122,10040.54013
-8.110544,36,10042.218356
-8.241122,43,10044.54229
-26.253418,120,10051.413706
-12.207478,59,10054.393453
-7.799784,36,10056.47946
-6.789456,38,10058.441695
-28.399858,122,10064.973935
-5.801586,38,10067.071151
-1.7-11.809972,122,10071.3-19.957943,121,10074.543323
-11.760102,55,10077.694567
-9.-22.615819,101,10080.88-7.821-10.637246,51,10083.5-22.815584,105,10087.667538
-13.074511,60,10091.141546
-46.076023,122,10097.118893
-9.322165,39,10099.050724
-6.789375,41,10101.400617
-26.980008,122,10107.890536
-43.273762,122,10114.644344
-9.933474,38,10116.6589
-6.880504,38,10118.735086
-21.045374,103,10124.315018
-9.896721,48,10126.8758
-7.410049,32,10128.505527
-7.579875,41,10130.680592
-22.827792,107,10136.361439
-12.196312,58,10139.79267
-11.264986,41,10141.754302
-7.200049,39,10143.91835
-24.388782,117,10150.044039
-37.173126,122,10186.766621
-7.662096,33,10188.560534
-7.874315,39,10190.315371
-28.71975,121,10197.072658
-35.563783,122,10202.989567
-9.722759,35,10205.231076
-7.01,40,10207.602042
-22.943324,111,10213.353448
-12.469276,61,10216.470596
-13.13293,46,10218.517239
-7.543558,39,10220.880678
-21.027218,103,10225.882158
-10.507468,53,10228.866292
-9.897262,40,10231.12389
-7.615892,42,10233.209916
-22.52384,109,10239.142554
-12.71881,63,10242.11317
-12.203977,43,10244.8618
-6.313409,38,10246.996819
-20.901149,110,10252.870757
-36.777819,122,10258.810614
-5.707596,39,10262.287643
-1.959557,38,10264.144171
-16.428346,106,10269.689104
-34.593116,122,10276.114333
-9.241211,41,10278.742623
-7.186063,40,10280.983305
-23.711736,109,10286.214581
-37.633914,122,10293.233166
-11.308812,44,10295.732268
-7.168671,38,10297.559277
-20.082225,103,10333.383521
-33.180671,122,10339.906638
-11.147206,45,10342.298159
-6.825106,39,10344.045128
-20.033376,104,10349.417983
-12.24914,62,10352.647735
-6.482094,33,10354.515684
-33.499552,122,10360.923818
-10.387814,42,10363.386673
-7.813665,43,10365.861357
-23.286827,110,10371.736292
-13.075647,60,10375.161795
-9.542822,42,10377.135088
-6.854888,38,10378.975002
-19.145355,100,10384.153495
-33.284049,122,10390.942003
-11.860701,45,10393.188135
-6.417546,38,10395.363125
-22.093618,106,10401.462465
-13.098282,60,10404.927496
-10.489472,41,10407.045309
-7.179535,39,10408.877396
-21.785623,113,10414.445646
-15.800136,76,10419.200887
-9.123572,38,10421.37915
-7.45927,41,10423.492303
-19.50122,112,10429.119587
-40.825616,122,10436.013712
-28.642162,94,10470.578062
-6.588703,41,10472.862356
-29.604087,122,10480.045612
-8.885652,40,10482.174794
-6.701116,39,10484.213942
-26.417676,122,10493.529282
-40.55128,122,10500.262689
-8.525278,38,10502.202034
-7.055285,39,10504.393735
-19.243216,106,10510.101839
-13.840843,64,10513.433189
-10.429872,44,10516.052438
-6.899205,41,10518.365995
-21.993135,115,10524.174412
-12.261753,55,10527.701782
-7.76941,34,10529.688732
-7.598193,40,10532.003338
-23.361243,112,10537.774211
-21.98826,91,10542.808154
-7.770742,37,10545.073612
-7.008002,38,10546.856939
-18.678807,100,10551.930013
-13.000841,65,10555.449025
-12.831992,55,10558.554049
-6.274261,39,10560.499635
-25.470718,114,10566.644606
-12.324221,63,10570.298532
-9.484882,42,10572.882379
-6.729334,40,10575.002263
-25.073163,119,10581.080591
-30.510465,122,10617.777447
-7.768735,39,10620.016966
-6.631158,39,10622.005325
-21.177012,109,10627.796017
-12.675644,61,10630.729266
-41.466826,122,10637.681538
-10.025291,41,10639.77907
-6.860093,39,10641.903346
-21.215064,106,10647.427553
-9.890062,55,10650.803708
-9.361961,38,10652.948476
-6.554161,40,10655.266648
-19.398693,106,10660.877677
-19.403962,80,10665.321371
-8.344618,39,10667.836155
-6.431143,37,10669.954132
-17.441038,99,10674.81001
-10.984895,58,10677.861188
-8.376626,36,10680.019939
-7.242804,39,10682.248617
-40.541451,122,10692.001262
-37.189124,122,10698.3931
-9.198679,37,10700.281393
-7.009567,38,10702.108776
-18.632794,101,10706.840385--10.906079,56,10710.497225
-7.938558,35,10712.868937
-5.859929,37,10715.281424
-27.001772,122,10721.449367
-7.114907,36,10723.341513
-7.265706,39,10725.653171
-20.008653,105,10731.452646--32.647168,122,10768.417475
-16.043158,61,10771.629854
-7.606255,40,10773.919249
-17.448651,95,10779.205883
-10.496547,56,10782.095853
-8.310028,36,10783.95173
-6.597746,35,10786.025939
-19.758727,108,10791.758483
-31.840138,122,10798.297936
-7.938989,38,10800.288973
-8.01193,45,10802.896726
-19.911783,101,10807.913382
-11.559974,60,10811.344355
-7.384322,33,10813.053364
-6.76726,38,10815.235352
-20.136752,108,10821.296973
-31.110238,122,10827.744853
-7.742493,36,10829.926687
-6.568485,38,10832.266939
-23.726349,114,10838.118484
-11.235677,64,10841.898109
-8.39783,36,10843.699113
-7.178731,40,10845.910022
-17.105376,97,10850.96819
-10.278999,57,10854.300901
-7.453829,35,10856.145114
-7.198579,39,10857.909155
-20.001245,108,10863.515179
-12.273911,63,10866.789174
-8.263583,37,10868.965763
-6.513535,36,10870.780803
-19.301845,103,10906.843967
-29.946269,122,10913.495108
-7.28573,43,10916.858814
-1.880861,36,10918.765069
-18.306951,109,10924.23298
-12.587045,67,10927.822378
-18.999135,66,10931.300548
-5.921199,40,10933.192947
-30.898155,122,10939.824409
-15.392295,56,10943.200818
-6.100279,37,10945.131143
-29.162804,122,10951.638228
-7.475073,35,10953.935146
-6.282447,38,10956.010833
-19.31251,107,10961.839453
-12.850782,65,10965.280105
-7.51424,33,10967.134658
-6.773916,39,10969.201011
-22.797154,106,10975.027637
-10.594854,51,10977.535527
-38.152643,122,10984.316948
-8.946131,39,10986.455655
-6.364753,39,10988.303983
-21.06029,107,10993.388205
-31.7343,122,11000.909167
-7.198167,33,11002.48925
-7.003945,38,11004.226118
-19.466343,104,11009.548688
-10.971662,58,11012.990015
-6.030617,34,1101-38.045629-6.57559,38,11017.6-7.0371-21.064163,102,11052.882392
-10.177425,56,1105-17.819168-9.7018,43,11058.14-11.50-7.122424,40,11060.667-8.57-18.432838,99,11065.35-32.44-11.628792,62,11068.479-48.450449,122,11074.893709
-9.362899,38,11076.886069
-6.629056,41,11079.299734
-19.-31.491165,122,11084.3668-11.428484,61,11088.0872
-7.449276,33,11089.790002
-7.54-17.31532,95,11093.746-18.0-11.79426,65,11096.9191-40.204162,122,11103.398891
-7.994727,35,11105.325822
-7.213983,40,11107.647838
-7.647758,90,11115.360167
-8.235763,60,11117.694591
-41.687465,122,11124.386128
-9.54217,43,11126.682982
-5.95396,39,11128.477876
-27.387416,122,11135.168774
-9.10132,39,11137.121763
-6.292522,38,11139.149523
-18.43509,104,11144.109333
-11.270359,64,11147.390692
-42.949619,122,11154.049671
-33.240518,122,11160.241453
-11.454889,46,11193.056603
-5.867512,38,11195.124778
-16.384948,95,11200.314942
-11.301239,62,11203.560911
-8.411958,38,11205.509171
-7.031193,40,11207.920233
-15.280465,97,11213.041022
-29.834061,122,11219.798745
-8.351105,40,11222.176086
-6.310628,41,11224.130873
-17.608315,94,11229.595941
-12.436751,68,11233.428915
-11.636144,47,11235.998872
-5.971354,41,11237.911937
-19.353027,106,11243.557763
-11.156646,65,11247.156344
-11.17949,46,11249.53394
-6.53006,39,11251.76113
-19.329531,101,11257.297917
-11.782012,65,11260.92016
-7.879645,38,11263.146211
-6.45854,38,11265.064734
-20.904249,111,11271.369761
-13.611617,67,11274.651324
-9.016272,42,11276.892508
-6.785013,40,11279.256598
-16.220454,96,11284.042905
-11.863477,59,11287.5163
-35.029824,122,11293.799675
-11.886078,48,11296.370462
-6.125672,39,11298.703592
-17.7673,103,11334.352825
-11.349905,60,11337.565287
-7.26833,49,11340.200686
-1.631933,36,11342.008911
-13.187239,97,11346.730325
-11.667988,64,11349.907033
-43.911141,122,11355.794516
-46.695921,122,11362.274992
-15.592379,54,11365.520468
-6.217716,40,11367.710876
-15.944887,94,11372.724798
-29.414331,122,11379.250489
-8.708765,39,11381.590312
-6.749636,41,11383.850859
-20.632111,111,11389.511618
-10.263963,59,11393.088768
-7.524666,36,11395.468758
-6.592986,39,11397.673882
-17.660735,97,11402.757685
-10.698194,59,11405.905776
-9.212815,37,11407.881988
-8.464703,48,11410.824655
-16.497992,94,11416.319916
-9.757936,56,11419.226398
-8.070741,41,11421.524703
-5.326778,37,11423.456826
-15.816537,91,11428.815686
-11.036974,65,11432.332369
-36.38715,114,11438.351428
-5.931418,38,11440.352523
-19.54947,111,11446.352204
-16.306952,80,11450.548721
-40.561726,122,11487.363894
-11.835184,51,11490.249462
-6.667738,40,11492.240819
-22.389097,107,11498.421718
-10.753286,60,11501.968318
-37.68345,122,11507.899297
-7.847456,42,11510.333675
-6.736999,43,11513.191299
-19.143289,108,11518.611995
-11.207504,64,11522.172958
-9.270877,41,11524.595674
-6.287188,39,11526.487334
-20.725423,95,11531.47789
-9.778122,57,11534.366366
-6.165856,47,11539.03915
-2.179277,36,11540.479958
-14.913696,103,11545.635944
-13.384183,74,11549.590472
-8.390208,42,11551.576647
-5.320185,37,11553.727595
-17.20254,98,11559.733703
-11.62365,68,11563.256438
-22.167435,79,11567.339839
-5.933436,38,11569.566511
-17.80394,104,11575.558195
-26.888482,122,11581.958598
-12.235239,48,11584.694412
-8.165045,45,11587.452069
-22.12425,111,11593.327702
-11.881137,66,11596.805505
-13.867682,56,11630.19675
-6.221481,39,11632.337463
-18.130867,102,11637.659815
-12.027455,68,11641.424434
-34.381768,122,11648.135831
-43.819421,122,11654.235735
-7.570765,36,11656.709117
-6.305588,38,11658.910959
-16.754758,98,11663.719412
-11.766541,67,11667.495282
-8.015465,37,11669.526817
-6.075468,39,11671.800289
-17.450922,101,11677.293186
-11.602405,65,11680.853638
-11.841389,54,11683.929466
-5.156871,36,11685.935558
-18.691166,104,11691.393708
-10.132899,59,11694.197416
-7.481285,39,11696.421312
-6.223739,41,11698.81357
-18.154864,109,11704.54135
-11.510347,67,11708.462197
-10.942042,50,11711.166375
-5.969211,38,11713.500226
-16.485527,98,11718.738436
-12.514276,70,11722.056273
-6.930025,34,11723.939519
-6.334561,39,11725.879276
-16.438547,100,11731.168902
-12.65725,67,11734.627393
-46.426735,122,11740.617738
-30.383293,109,11776.773295
-6.208862,37,11778.88531
-16.690721,92,11783.679899
-10.885839,56,11786.343803
-5.783869,34,11788.506556
-5.373078,36,11790.300693
-20.709756,106,11796.782418
-9.86485,56,11799.499279
-8.700252,42,11801.826048
-29.259069,122,11808.285552
-7.898265,41,11810.605046
-6.219439,40,11812.81265
-17.833444,99,11817.869452
-12.042024,71,11821.860414
-6.956813,40,11824.226824
-6.271226,38,11826.335935
-16.930668,101,11831.437018
-10.600211,64,11834.80574
-7.165602,35,11836.581996
-5.050687,35,11838.695583
-17.428559,99,11844.659258
-11.500176,61,11847.568386
-14.573026,70,11851.318052
-5.610522,36,11853.583666
-15.001539,99,11859.012996
-11.068588,63,11862.040313
-14.917733,74,11866.299896
-5.756116,39,11868.344677
-18.763178,104,11873.635037
-12.914469,69,11877.458915
-31.03315,122,11883.789991
-6.3819,37,11885.829659
-5.67522,36,11918.208238
-18.063862,104,11924.254789
-10.312182,65,11927.529756
-6.418352,38,11929.821045
-6.174156,38,11932.285282
-19.047545,107,11937.865112
-9.372755,57,11940.629609
-6.362526,35,11942.791712
-6.269872,39,11944.848512
-20.251417,101,11950.572184
-10.939006,60,11953.820107
-6.901986,36,11955.636775
-5.921338,39,11957.766073
-18.29255,106,11964.102864
-4.22485,65,11967.704377
-3.352413,40,11969.577606
-4.226805,37,11971.395137
-18.265242,104,11977.416528
-9.865604,58,11980.037963
-6.692279,34,11982.038121
-6.442084,39,11984.149088
-18.13009,98,11989.659353
-13.237647,70,11993.513036
-8.842394,39,11995.581966
-5.71387,38,11997.926828
-15.758778,102,12003.104617
-11.839946,68,12007.150223
-6.490876,35,12009.160599
-6.164578,41,12011.264048
-17.564203,98,12016.495465
-8.436497,55,12019.77923
-6.693284,35,12021.992535
-6.331614,38,12023.917315
-17.17032,100,12028.940069
-12.4919,63,12032.586976
-6.669461,34,12034.475488
-5.596953,36,12066.827492
-15.115484,94,12072.210498
-8.308717,50,12074.602608
-11.552329,53,12077.358597
-5.730323,39,12079.651946
-19.588983,110,12086.119604
-11.167112,69,12089.628317
-12.98803,53,12092.318672
-5.944507,40,12094.890995
-18.622521,110,12101.097609
-12.200153,72,12104.681283
-6.135245,34,12106.572051
-5.971799,37,12108.721025
-15.6527,95,12113.887922
-11.620828,68,12117.723812
-7.239935,37,12119.729674
-5.599209,37,12121.85585
-16.57276,98,12126.747088
-9.847123,59,12130.604161
-10.706799,51,12133.614469
-6.480256,40,12136.04654
-15.459137,99,12140.695538
-9.465676,57,12143.94633
-7.804911,36,12146.003416
-6.189994,37,12148.201859
-14.936908,92,12153.636872
-10.586565,60,12156.494355
-6.336383,34,12158.208359
-5.472559,37,12160.162424
-16.112569,96,12165.890507
-3.291422,55,12168.676636
-4.30837,36,12170.378067
-2.989653,37,12172.409242
-14.756287,95,12177.237182
-10.192148,59,12180.674213
-10.261405,47,12183.258058
-5.595775,38,12215.193171
-25.068322,122,12221.999883
-9.938759,50,12224.975499
-5.863368,38,12227.032982
-16.04086,99,12231.96497
-10.798968,64,12235.508272
-6.678395,36,12237.63672
-5.536679,37,12239.680711
-14.949411,98,12245.550908
-12.857852,68,12249.16427
-7.366747,41,12251.081265
-5.675179,38,12252.977731
-17.5875,104,12259.473505
-11.410952,69,12263.15849
-5.983323,35,12264.906385
-5.475113,38,12267.060546
-16.820542,97,12272.471792
-12.185026,70,12276.308126
-5.983599,33,12277.973355
-5.571234,38,12279.931531
-16.539548,102,12285.19602
-33.644453,122,12292.250999
-6.256513,33,12293.771207
-6.918317,42,12296.041058
-20.287694,96,12302.170459
-12.43174,69,12305.72548
-6.548571,38,12307.527533
-5.686101,36,12309.794451
-14.352075,93,12315.212954
-8.380935,55,12318.112003
-5.59916,33,12319.995682
-5.645434,38,12322.357988
-17.936201,99,12357.818048
-11.000418,66,12361.359416
-7.469495,39,12363.470016
-5.589428,38,12366.143836
-16.182675,98,12371.450109
-10.278179,66,12374.678164
-7.937221,42,12377.582983
-5.836825,38,12379.818648
-17.621986,102,12384.762956
-26.083993,122,12391.360301
-6.984945,42,12393.805517
-5.184935,36,12396.122136
-22.644571,122,12402.85541
-7.773369,42,12405.078153
-5.245848,36,12407.300875
-23.907844,122,12413.164653
-6.293693,37,12415.015554
-5.236056,37,12417.561929
-15.810707,99,12423.276994
-10.983041,64,12426.18329
-7.164351,36,12428.327184
-6.229024,42,12430.390759
-16.308469,101,12436.055988
-11.033737,64,12439.278285
-7.635255,41,12441.700167
-5.355334,38,12443.919663
-15.837258,98,12449.721548
-27.988085,122,12455.814344
-5.593144,35,12457.802089
-5.439799,36,12459.418493
-15.657062,94,12464.921297
-10.821563,63,12468.561343
-6.818636,38,12470.591221
-5.538921,38,12472.694865
-15.417658,92,12508.019821
-9.287922,57,12511.144539
-6.468602,38,12513.441947
-5.015202,36,12515.422064
-13.516589,90,12520.248426
-9.049448,58,12523.439366
-7.100386,40,12525.572394
-4.736321,36,12527.740616
-14.843446,93,12533.334298
-9.179291,57,12536.404287
-6.285805,37,12538.338119
-5.526669,38,12540.46507
-15.657749,102,12546.30191
-10.831327,67,12550.025525
-11.203863,53,12552.783634
-5.994568,37,12554.74682
-22.514697,109,12561.01557
-11.711106,68,12565.124072
-6.540488,37,12567.139292
-4.967717,36,12568.980991
-14.946118,96,12574.140311
-8.978611,58,12577.299646
-6.4865,41,12579.28549
-5.421213,38,12581.310274
-15.726638,106,12587.096315
-10.883933,66,12590.811367
-6.134445,38,12592.911134
-6.172417,41,12595.381931
-50.382565,122,12604.205503
-5.615001,36,12605.85463
-5.276115,36,12607.909787
-14.375809,94,12613.061935
-10.202905,65,12616.781552
-5.627064,36,12618.450366
-6.343991,41,12620.370736
-13.582531,91,12656.508635
-9.890501,61,12660.045535
-7.494193,42,12662.328081
-5.484248,37,12664.240814
-16.324177,102,12670.417553
-9.349401,65,12673.781748
-6.595853,37,12675.816309
-5.288098,38,12677.402738
-18.576162,110,12683.914208
-12.047627,73,12687.946542
-8.316442,46,12690.534062
-5.58817,38,12692.530714
-13.516782,95,12697.952487
-9.519318,59,12701.246936
-6.983159,41,12703.628239
-5.784074,38,12705.887348
-17.560202,107,12711.402366
-11.137477,77,12715.509884
-6.251608,37,12717.299191
-5.484128,38,12720.001847
-13.806519,93,12724.721116
-8.78643,57,12727.65318
-6.29319,36,12729.553878
-5.520006,38,12731.891512
-13.541787,88,12737.061995
-10.122831,68,12740.138001
-9.551757,48,12742.887525
-5.201533,37,12744.913172
-15.198359,100,12750.891605
-11.171479,67,12754.324255
-8.06905,40,12756.618729
-5.036262,36,12758.65905
-15.572944,100,12764.454707
-11.159626,72,12798.343775
-16.283498,67,12801.768457
-5.476205,38,12804.105803
-14.929622,94,12808.843105
-11.822362,68,12812.637837
-7.28453,43,12815.104751
-4.729161,36,12816.91861
-14.735383,95,12822.33616
-10.754819,69,12825.871929
-7.093028,42,12828.406215
-4.006449,39,12831.253367
-8.516296,93,12835.843227
-8.467311,58,12839.283669
-6.300785,38,12841.578823
-5.767254,38,12843.576228
-13.799755,93,12848.603538
-10.950008,69,12852.480461
-6.337619,39,12854.740091
-5.204844,37,12856.761838
-13.161059,85,12861.228262
-9.891596,63,12865.135001
-6.188385,36,12867.045044
-5.23752,37,12868.990427
-15.296796,101,12874.315718
-9.148725,58,12877.606671
-7.458238,43,12879.933563
-3.992438,35,12881.803249
-17.662106,109,12887.949407
-11.935418,74,12892.050501
-6.729649,39,12894.164023
-5.404579,37,12896.010867
-15.33066,91,12901.020193
-9.837474,63,12904.419929
-6.307652,42,12906.601466
-6.072869,40,12908.482672
-15.29049,94,12913.505661
-9.12883,62,12947.367367
-6.918334,37,12949.448797
-5.722857,37,12951.620424
-13.921119,87,12956.246476
-30.484054,122,12962.975192
-7.383168,42,12965.173456
-5.437476,39,12967.505863
-15.236713,98,12973.313852
-12.058277,74,12977.388579
-7.597928,45,12980.117399
-5.001367,37,12982.2275
-17.04173,103,12987.820442
-10.918326,72,12991.715653
-9.159547,47,12994.552524
-5.322767,39,12996.839612
-14.045597,96,13001.58469
-8.930048,60,13004.787564
-6.404943,41,13007.269119
-5.165553,37,13009.591689
-13.733215,90,13014.754579
-7.976568,52,13017.671449
-43.849662,122,13024.45543
-8.46016,45,13026.853319
-5.307246,38,13029.137664
-29.418704,122,13037.602571
-24.941037,93,13042.749477
-5.516291,38,13044.705073
-16.131732,100,13049.707684
-11.055387,72,13053.838347
-7.590081,43,13056.45734
-5.328331,36,13058.095926
-14.745338,95,13062.998154
-9.525268,65,13096.962209
-45.117349,122,13103.453074
-5.072691,36,13105.443443
-6.049073,37,13107.157058
-14.03163,95,13112.787122
-9.611483,63,13115.887662
-5.934108,42,13118.259766
-5.262729,36,13120.361675
-13.343362,94,13125.346235
-9.171666,60,13128.70662
-8.00195,42,13131.07119
-5.181253,37,13132.954365
-14.070598,91,13138.169517
-8.551303,62,13141.394994
-6.961459,37,13143.700387
-4.458863,35,13145.261614
-13.814193,92,13150.785741
-9.106007,61,13154.132137
-8.615582,44,13156.587083
-4.817366,35,13158.760087
-16.838806,97,13164.31292
-8.608727,59,13167.225516
-5.478387,40,13169.395292
-5.612343,37,13171.522211
-14.625722,97,13177.987716
-10.062008,64,13181.139466
-50.177825,122,13187.859829
-7.312839,43,13190.224689
-4.491582,34,13192.446234
-14.352891,95,13197.624404
-8.790299,56,13200.287657
-41.961581,122,13207.74864
-4.698457,37,13240.121387
-4.956239,34,13241.738444
-15.973855,109,13247.654735
-10.834924,70,13251.923179
-5.564806,41,13254.11875
-5.412033,39,13256.09038
-13.883175,97,13261.193603
-3.188635,62,13266.517292
-4.265678,38,13268.563256
-3.253085,35,13270.328218
-14.292485,99,13276.007593
-7.951811,56,13278.673753
-6.462985,40,13280.930826
-5.159813,36,13283.168948
-14.387581,97,13288.279912
-7.911079,61,13291.307358
-5.624558,40,13293.882946
-5.126856,36,13296.145616
-13.324604,92,13300.815515
-7.89287,60,13304.383161
-7.184959,47,13306.820307
-4.320798,34,13308.6422
-12.802255,89,13313.486911
-7.718695,57,13316.844648
-6.759766,43,13319.056256
-5.011026,35,13320.953442
-14.139895,96,13326.104671
-8.879566,61,13329.074033
-6.994121,45,13331.634279
-4.674785,35,13333.413741
-13.036926,89,13338.551602
-8.677777,56,13341.48447
-6.230699,38,13343.535665
-4.86871,36,13345.483179
-12.744467,86,13350.274155
-8.058545,58,13353.330314
-36.473174,122,13390.179668
-7.624442,45,13392.830193
-4.963231,35,13394.583547
-14.013823,96,13400.315329
-8.727531,62,13404.271331
-6.153708,43,13406.456099
-5.991034,39,13408.533863
-16.792042,104,13413.91297
-10.355521,69,13417.859456
-5.23755,38,13420.096476
-4.170939,35,13421.811131
-13.227574,98,13427.423693
-8.521904,59,13430.738897
-6.495878,42,13433.1984
-4.549722,34,13434.815338
-14.865011,102,13440.956842
-8.522595,62,13444.466474
-5.945853,39,13446.455804
-4.54479,35,13447.987515
-13.768488,92,13453.771652
-7.972504,56,13456.952714
-4.967184,37,13458.966561
-5.064989,37,13461.004957
-32.112961,122,13471.041404
-7.561027,40,13473.215099
-5.057246,38,13475.294255
-16.135836,97,13480.537075
-8.650551,59,13483.855991
-6.10007,39,13486.068816
-4.304188,35,13488.182355
-13.322978,95,13493.472826
-8.053154,57,13496.527263
-33.644582,122,13503.470542
-44.111037,122,13540.028403
-20.387161,93,13545.228556
-5.665235,38,13547.294131
-14.38371,99,13553.088786
-10.674752,68,13556.622243
-5.343421,40,13558.672988
-5.385062,38,13561.038447
-13.05594,96,13566.3125
-7.922961,59,13569.300688
-7.022182,44,13571.705405
-4.344774,35,13573.420545
-13.735327,97,13579.461623
-8.679276,62,13582.721103
-5.087299,37,13584.854027
-5.225638,38,13587.024225
-20.663715,122,13593.586627
-38.845688,122,13600.435951
-5.018592,39,13602.338239
-5.886682,39,13604.727327
-13.057712,97,13610.117768
-7.891368,57,13613.562523
-7.574959,44,13615.901654
-6.278725,40,13617.741667
-18.614824,107,13623.053175
-9.832524,66,13627.205601
-6.521901,45,13629.665531
-4.802487,39,13631.714974
-13.771009,100,13636.517691
-8.235462,59,13640.391084
-10.127453,55,13643.435971
-5.380785,39,13645.290928
-13.108858,95,13680.843049
-8.556409,61,13684.410356
-4.204122,36,13686.623039
-4.697775,38,13688.476456
-12.874264,91,13693.425486
-7.286116,53,13696.345437
-2.939171,44,13699.098853
-2.133746,34,13700.568997
-10.418467,101,13705.274591
-8.243898,63,13708.915431
-4.757641,37,13710.620795
-5.372094,37,13712.510334
-12.504639,94,13717.730161
-7.644763,53,13720.776672
-37.141213,122,13727.548438
-6.592322,44,13729.971843
-4.805854,37,13732.00362
-13.761173,102,13737.780336
-9.35639,63,13741.409163
-6.989728,41,13743.661488
-5.884932,38,13745.594231
-13.68493,94,13750.257225
-7.591455,53,13753.57999
-21.741818,110,13759.333386
-5.061144,36,13761.012335
-13.158905,93,13766.498426
-7.169211,55,13769.771226
-7.432042,49,13772.475562
-5.544266,38,13774.497168
-12.432969,98,13779.547789
-6.658674,54,13782.789638
-36.324409,122,13789.705927
-6.38956,44,13792.161362
-4.24197,35,13793.964003
-13.04515,99,13829.302496
-8.809059,61,13832.903412
-6.853505,41,13835.42034
-5.342816,38,13837.3528
-13.631109,101,13842.480283
-8.967553,67,13846.617932
-7.838359,51,13849.831089
-4.653203,36,13851.57495
-13.866458,106,13857.245174
-9.382376,68,13861.117014
-6.28262,43,13863.783919
-4.744695,38,13865.981904
-13.355896,101,13871.38462
-7.369335,59,13874.363132
-5.992904,43,13877.037086
-4.595598,38,13879.140357
-14.844606,104,13884.891352
-7.674505,66,13888.539604
-4.319187,35,13890.32602
-5.183654,39,13892.701502
-38.215351,122,13904.076406
-5.623429,36,13905.854316
-4.720196,37,13908.220572
-14.084738,101,13913.895178
-8.879241,63,13916.913427
-6.998746,45,13919.705885
-5.078129,37,13922.057868
-14.40838,105,13927.762792
-8.524858,64,13931.034246
-5.814666,42,13933.269167
-5.010061,36,13935.060304
-12.64098,96,13940.578027
-8.117388,60,13944.000901
-20.703721,82,13978.27381
-5.254954,36,13980.292687
-12.999793,100,13985.915842
-9.164609,64,13989.305914
-5.236744,38,13991.774941
-5.528889,40,13994.144213
-12.587925,99,13999.187313
-9.085878,65,14002.748425
-6.936844,46,14005.662752
-4.757118,37,14007.596312
-15.583923,104,14013.132445
-9.618485,71,14016.669739
-6.432473,38,14018.819656
-4.437568,37,14021.042701
-13.440521,100,14026.453312
-8.929648,64,14030.066129
-6.751839,41,14032.481178
-4.819832,36,14034.656441
-13.842317,105,14040.122454
-9.150504,67,14043.592156
-5.213602,40,14045.749178
-4.791929,38,14047.962762
-11.53326,95,14053.249923
-8.086403,55,14056.158822
-4.962118,37,14058.313798
-4.869161,35,14060.266055
-13.275193,97,14065.532693
-8.097039,53,14068.150039
-6.585753,45,14070.525979
-4.877694,36,14072.499236
-11.628799,90,14077.756134
-7.553233,52,14080.686515
-5.489817,39,14082.850505
-5.076419,39,14084.884912
-14.982386,103,14090.54557
-7.487684,57,14127.279774
-4.837264,38,14129.382955
-4.024333,35,14131.624505
-5.80898,98,14138.348304
-7.122997,66,14142.226965
-6.118427,42,14144.593516
-4.621818,38,14146.777848
-12.938032,99,14152.934886
-9.83026,68,14157.077652
-4.654775,38,14159.354809
-5.059144,38,14162.062128
-14.266426,104,14168.483878
-7.727134,61,14172.014308
-5.638641,38,14174.307401
-5.269954,36,14176.259006
-12.911048,102,14182.654271
-8.742394,64,14186.515842
-6.088373,39,14188.840493
-4.441272,37,14191.044881
-14.834273,106,14197.111565
-7.433145,60,14200.898639
-7.906236,42,14203.32154
-4.939989,36,14205.602962
-11.222265,92,14210.195237
-7.644142,53,14213.012112
-5.952032,43,14215.626653
-4.553878,37,14217.92622
-13.681389,104,14223.567802
-9.48975,70,14227.290024
-6.163029,39,14229.836545
-22.517673,122,14236.539043
-4.842435,35,14238.288787
-4.38844,38,14240.752059
-13.076985,98,14246.132559
-8.86704,65,14250.006163
-3.845545,35,14286.745134
-5.827999,38,14288.964987
-12.195796,99,14294.63003
-9.212165,61,14298.327219
-4.727623,38,14300.843723
-4.653675,36,14303.610926
-11.40392,90,14310.799636
-7.004927,56,14315.375876
-5.961653,41,14318.838922
-3.99556,35,14321.759517
-13.009747,100,14328.319279
-7.126135,59,14331.783216
-10.246188,50,14334.497154
-4.424452,35,14336.320565
-16.51277,112,14343.324305
-8.69889,66,14346.742033
-5.720414,36,14348.73488
-4.345476,35,14350.779665
-6.441792,96,14361.237
-7.228223,62,14364.470747
-6.260385,40,14366.965144
-4.000197,36,14369.38672
-12.709883,101,14375.01352
-7.62123,56,14378.19507
-5.403377,36,14380.985139
-5.327512,37,14383.89378
-20.211634,122,14393.887587
-6.436395,41,14396.485723
-4.27281,38,14398.890781
-13.707244,101,14403.991806
-7.901837,63,14407.852781
-5.324538,41,14410.46039
-5.063667,37,14412.583558
-13.893164,109,14421.047915
-8.712921,67,14472.883912
-5.307178,41,14475.43374
-4.201566,36,14477.712702
-11.395388,96,14483.149557
-7.066198,62,14486.912028
-6.53724,43,14490.573204
-4.265045,39,14493.734056
-14.434243,105,14502.234062
-8.191985,65,14505.907974
-5.395492,43,14508.140113
-3.78748,35,14510.113127
-13.651045,105,14515.818297
-9.020213,70,14519.838378
-5.598437,42,14522.230468
-4.338973,36,14524.15271
-12.509563,98,14530.71965
-6.721412,56,14535.307939
-5.385929,41,14538.847324
-3.998434,34,14541.248256
-13.288669,95,14549.56643
-6.827957,55,14554.385315
-7.462422,48,14558.112154
-4.403417,38,14560.622673
-12.574608,94,14565.601353
-8.207463,58,14568.860595
-5.933098,44,14571.690021
-4.059726,35,14573.652917
-13.631356,102,14580.070142
-8.740408,67,14585.916124
-4.257742,38,14589.683897
-5.0167,38,14592.573123
-11.904947,97,14600.670744
-8.119934,62,14605.451901
-6.128236,42,14609.218731
-5.010655,37,14612.151336
-16.359732,122,14678.005641
-6.133503,41,14680.231861
-4.388037,36,14682.943502
-12.435746,100,14689.962043
-7.020645,60,14695.026774
-5.725351,39,14698.628751
-3.761268,36,14701.74021
-13.681686,109,14709.829085
-8.007297,65,14713.960916
-6.204323,43,14716.560153
-3.597188,35,14718.287453
-12.265695,98,14723.701691
-8.076745,60,14726.756312
-5.263234,41,14729.084964
-4.03319,34,14731.389162
-11.880304,99,14737.224977
-7.149063,61,14741.657937
-6.353898,48,14745.699046
-3.739338,35,14748.351495
-13.184199,103,14754.303074
-8.717466,68,14758.604689
-6.02593,42,14760.926662
-4.090194,36,14763.290523
-12.229614,99,14768.777651
-7.264399,60,14772.349305
-4.492643,34,14774.522553
-4.345438,36,14776.532746
-11.386171,95,14782.066509
-6.947493,56,14785.630411
-4.550129,42,14789.112964
-4.262961,36,14792.069932
-11.866849,103,14800.098506
-8.183449,62,14804.990988
-5.776677,44,14808.657461
-3.680492,35,14811.51408
-11.151569,99,14874.845363
-6.983226,59,14878.268692
-4.191648,34,14880.247987
-4.183745,35,14882.324035
-11.334465,93,14887.710167
-6.944951,55,14890.372504
-4.557956,35,14892.590429
-4.702351,38,14894.726503
-11.089263,98,14900.17962
-30.436898,122,14906.96558
-5.290736,43,14909.404599
-4.235299,38,14911.361374
-13.829997,104,14916.505695
-7.584228,60,14919.935372
-5.273316,37,14922.257986
-3.739844,35,14924.188116
-24.90347,122,14930.271464
-4.481428,40,14932.432199
-4.139472,37,14934.730665
-11.050658,92,14939.323101
-8.030117,61,14942.53789
-3.851146,38,14944.442005
-4.214436,37,14946.405357
-11.546607,95,14951.500924
-7.562556,60,14954.773998
-4.100283,39,14956.989268
-4.468784,39,14958.981464
-12.164926,95,14964.179018
-7.344061,56,14967.20777
-6.132553,47,14969.749683
-4.662103,39,14971.968232
-15.012046,108,14977.888028
-8.754671,62,14981.312456
-5.164668,37,14983.558507
-3.939193,36,14985.613346
-10.106605,88,15020.665134
-6.264126,54,15023.740108
-5.044829,44,15026.115287
-3.450669,34,15027.818408
-11.577315,99,15033.062097
-6.683703,63,15036.583277
-5.133609,41,15038.85254
-4.144841,35,15040.838646
-13.285544,105,15046.485769
-7.095833,61,15049.78204
-4.359054,37,15052.076762
-4.130443,35,15054.177255
-11.189326,100,15059.196411
-9.346622,69,15063.205675
-3.78241,35,15065.17234
-4.452304,35,15067.161968
-11.385357,92,15072.390545
-6.745464,57,15075.58034
-5.612007,39,15077.815542
-3.987382,35,15079.582208
-12.0686,99,15084.85136
-7.383211,58,15088.125307
-25.014024,111,15094.319483
-4.131913,36,15095.986698
-12.698308,100,15101.49325
-6.096054,53,15104.462729
-3.474441,36,15106.480214
-4.308355,36,15108.745535
-11.536569,96,15113.754151
-8.66393,62,15116.777399
-4.893732,36,15118.933762
-3.701163,36,15121.267511
-30.537788,122,15130.781365
-4.570793,39,15133.06461
-4.076136,35,15135.076742
-12.320746,104,15171.510433
-7.950563,68,15174.917352
-3.934491,34,15176.964046
-3.528931,36,15179.071409
-13.294399,102,15184.92907
-6.903287,58,15187.924564
-4.837517,39,15189.985897
-3.612148,35,15192.020039
-11.3431,98,15197.328503
-6.865357,59,15200.687905
-9.247562,67,15204.486287
-4.14172,36,15206.516316
-12.002926,96,15211.597411
-8.088217,64,15215.862365
-4.389098,38,15218.352533
-3.293744,35,15220.061648
-11.300819,94,15224.488163
-6.520807,58,15227.698736
-5.495837,40,15230.358149
-4.252308,36,15232.711808
-12.518662,102,15237.422647
-28.042404,122,15244.985753
-3.981913,34,15247.022886
-4.152412,37,15249.103879
-10.709309,90,15253.701211
-6.018926,51,15256.332253
-5.409625,41,15258.622486
-3.810556,37,15260.819118
-11.324712,101,15266.839845
-8.166727,69,15270.72128
-4.761513,35,15272.568324
-4.095005,38,15274.897265
-10.343279,94,15280.16292
-7.904285,54,15283.311058
-5.642634,40,15315.691277
-3.240599,34,15317.376178
-12.681773,107,15323.056324
-8.007352,67,15326.949524
-3.69167,36,15329.166547
-3.560423,34,15331.002348
-11.799563,99,15336.452821
-7.028989,59,15339.138911
-4.413144,37,15341.746653
-3.551416,35,15343.751734
-11.520589,95,15349.382703
-6.151611,57,15352.130199
-5.115057,42,15354.70036
-3.548474,35,15356.475592
-21.522866,122,15365.448702
-4.899678,43,15367.643211
-4.391646,38,15369.568892
-13.444822,109,15375.486865
-8.406736,66,15379.221465
-4.936318,36,15381.010493
-4.257444,38,15383.049677
-9.743385,91,15387.88572
-6.286506,54,15391.003865
-5.335819,42,15393.477529
-3.474633,34,15395.222505
-11.793465,99,15400.363308
-22.588979,122,15407.018344
-3.74424,36,15409.067412
-3.858507,36,15410.961472
-10.90065,91,15415.717529
-6.805443,59,15419.293462
-4.39196,34,15421.15288
-4.145701,36,15423.173451
-10.848396,92,15428.575168
-7.007662,55,15431.162903
-4.381315,40,15466.451746
-3.497,35,15468.755558
-12.813541,99,15474.475678
-7.296664,62,15478.342166
-4.313732,43,15480.896642
-3.927181,35,15482.935584
-9.922938,90,15488.271003
-6.77411,56,15491.862072
-3.906696,35,15493.794098
-4.212026,38,15496.230967
-10.874941,96,15501.709989
-7.352898,62,15504.97631
-5.037839,44,15507.444623
-3.701899,36,15509.770238
-7.489025,60,15480.530756
-4.336856,40,15482.974431
-3.323294,34,15484.976396
-11.433028,99,15490.841206
-6.94064,62,15494.720953
-2.875252,34,15496.84853
-4.232906,40,15498.934994
-18.757221,122,15505.883205
-6.827687,47,15508.371841
-4.257475,38,15510.715118

-14.506426,75,15502.259291
-23.376814,122,15509.103818
-3.407224,37,15511.398976
-4.129868,37,15513.67912
.793636
-8.023474,64,15503.619811
-6.14036,48,15506.052245
-3.812844,35,15507.923847
-11.369233,100,15514.124118

-4.676815,36,15487.074128
-3.367382,35,15488.74358
-10.867544,100,15494.915032
-7.151087,61,15498.643804
-3.407104,37,15500.772915
-3.576555,37,15502.903027
-9.902188,92,15507.817028
-7.309368,60,15511.361346
-3.69751,37,15513.570973
0236,62,15495.626375
-9.434958,54,15498.750197
-3.859479,36,15500.932673
-10.704789,92,15505.730787
-7.092173,53,15508.355563
-4.387033,40,15511.098274
-4.157007,35,15513.377424
4
-3.712774,36,15493.05480-7.-10.455601,96,15499.036726
-6.470653,55,15501.99386
-25.656003,122,15508.55916
-3.764779,34,15510.868872
-4.253693,38,15513.218304
.430405,39,15511.644643
-4.166252,36,15514.037473
,48,14181.164739
-6.245051,47,14183.87252-14-15.036027,117,14190.8387-9.5-23.637321,122,14198.182769
-6.218996,47,14200.620771
-6.724795,48,14203.663311
-13.738822,104,14209.508301
-8.594254,64,14212.793245
-5.515253,42,14215.194158
-6.437244,46,14217.-15.729-13.597168,105,14223.958173
-22.375342,122,14230.412783
-5.263885,42,14233.253852
-6.199783,47,14235.740906
-13.575779,107,14241.921754
-23.17801,122,14248.568661
-6.780515,48,14251.346392
-5.559307,44,14288.463603
-15.181429,114,14295.269971
-9.573079,72,14299.319896
-5.510609,45,14302.386147
-6.328934,46,14305.909251
-14.900257,113,14314.854201
-21.624595,122,14324.998619
-4.914217,41,14327.838178
-5.236117,44,14330.476987
-14.93224,116,14337.017138
-10.409184,70,14340.761258
-6.667032,49,14343.657561
-5.058518,43,14346.559573
-13.497978,111,14352.495044
-8.15878,63,14356.244586
-2.244724,49,14360.998017
-2.261682,42,14362.884064
-13.167025,113,14369.384261
-21.572647,122,14376.399682
-5.796807,48,14379.028338
-5.526777,46,14382.262949
-18.324591,122,14392.619462
-9.058818,68,14397.50776
-5.370887,43,14399.952825
-5.503511,46,14402.386031
-13.848983,110,14408.592283
-22.814966,122,14416.216459
-4.243802,40,14419.452179
-5.758143,44,14422.887871
-14.168967,109,14477.441006
-10.044187,70,14481.831033
-5.300114,43,14484.036564
-5.252793,44,14486.508135
-13.183648,107,14494.450886
-8.694808,63,14499.734944
-5.140372,46,14503.426552
-5.659215,46,14506.088318
-15.212659,115,14512.944635
-9.663056,68,14516.632547
-5.897543,46,14518.933018
-5.263282,46,14521.359813
-13.624342,112,14527.792728
-7.501808,59,14532.021861
-5.626247,45,14535.659878
-5.751482,44,14539.071766
-15.418146,117,14549.186297
-9.100445,69,14555.08973
-5.169635,42,14558.392943
-5.15867,44,14561.50917
-14.131327,112,14567.778999
-8.43826,67,14571.639737
-5.267985,45,14574.697224
-5.166128,44,14577.02676
-12.752813,108,14584.366453
-8.855075,65,14590.678255
-5.888284,45,14594.121798
-4.900947,42,14597.367693
-14.486258,109,14606.425801
-8.623197,62,14611.77675
-5.612005,46,14615.465007
-1.908638,41,14676.608244
-7.245112,110,14681.554269
-21.158125,122,14689.995541
-4.5637,42,14693.379254
-5.797488,46,14697.28857
-14.041982,112,14706.813465
-11.085041,76,14712.319961
-6.772735,48,14715.15539
-4.521684,42,14717.471345
-13.583688,113,14724.142938
-22.053052,122,14730.398401
-4.757146,43,14733.150004
-5.773693,45,14735.971575
-13.920644,113,14743.331912
-9.602441,73,14749.375603
-5.995218,50,14752.636599
-4.417793,41,14755.053965
-13.740219,110,14761.482112
-7.280066,62,14765.303264
-6.264157,48,14767.692484
-5.078168,43,14770.336125
-12.629677,104,14776.824859
-7.442913,57,14779.949335
-4.734903,42,14782.167942
-5.232667,45,147-12.906725,-13.303811,110,14793.027121
-21.61394,122,14803.033029
-5.568923,46,14806.317762
-4.194782,42,14810.097296
-12.640255,107,14874.875364
-7.745577,62,14878.31543
-5.887628,49,14881.288707
-4.081409,42,148-13.472492,-12.088616,104,14889.870538
-6.8965,58,14892.752343
-4.934303,43,14895.421338
-5.447148,46,14897-15.03573-13.676105,113,1490-20.06205,-22.072428,122,14910.770065
-4.567841,43,14913.172208
-5.693273,48,14-12.232592,1-15.026868,114,14921.711961
-12.601372,122,14932.276268
-6.431077,49,14935.191283
-5.533108,47,14938.090853
-13.092428,114,14943.563958
-20.463052,122,14949.92944
-5.822036,49,14952.665633
-5.526579,47,14955.282164
-15.019546,121,14961.543579
-8.252348,69,14965.250406
-4.616159,43,14967.571557
-4.570359,46,14970.252554
-12.654661,105,14976.122717
-20.896164,122,14982.752275
-4.935169,42,14985.286375
-4.642126,44,14987.798699
-13.423824,109,15023.713776
-9.027251,68,15027.667001
-5.358155,45,15030.217368
-5.615611,46,15032.541841
-11.841696,104,15038.254762
-20.612285,122,15044.686722
-6.13879,50,15047.469229
-4.759182,43,15049.727955
-13.535175,114,15056.51113
-8.804714,70,15060.171371
-4.760091,43,15062.364149
-5.198465,46,15065.014963
-12.894892,111,15071.386284
-20.033924,122,15078.276467
-4.484225,40,15080.545089
-4.169138,44,15082.773643
-13.483309,110,15088.553049
-9.568496,71,15092.528267
-4.239024,41,15094.907072
-5.432869,46,15097.205561
-12.495183,107,15103.062989
-10.71793,76,15107.296365
-5.183135,44,15109.977784
-4.670625,44,15112.239096
-12.336948,110,15117.932968
-7.888923,66,15121.965003
-4.971943,41,15124.517477
-5.090565,44,15127.188955
-5.861515,113,15132.30146
-8.85564,70,15136.091492
-5.424371,47,15139.168942
-4.062978,43,15171.818698
-12.304586,109,15177.8121
-7.347357,65,15181.778628
-5.434807,49,15184.334208
-4.126284,43,15186.788845
-12.436626,111,15193.059412
-7.077144,65,15196.577552
-4.522836,41,15198.440339
-4.816943,45,15201.1448
-13.584977,112,15207.704241
-10.080038,75,15211.457326
-4.599081,42,15213.769093
-5.095469,47,15216.710121
-12.670129,109,15223.061006
-21.676379,122,15229.173396
-5.601546,48,15232.22799
-5.28302,47,15235.245705
-13.719874,116,15241.200826
-8.590618,68,15245.018576
-4.548009,43,15247.622828
-5.522713,49,15250.611167
-12.991266,108,15256.073642
-20.894347,122,15263.108336
-4.217027,42,15265.556875
-5.005089,47,15268.090657
-13.272083,115,15274.714073
-7.898109,67,15278.344601
-3.714868,41,15280.808255
-5.737167,49,15283.661648
-12.147462,106,15319.637613
-20.499055,122,15326.41067
-5.277831,49,15329.130159
-5.171568,48,15331.918742
-12.967059,109,15337.581151
-19.283714,122,15344.540374
-4.939573,46,15347.358868
-4.446916,46,15350.276507
-12.499412,109,15355.915986
-6.226263,59,15359.321561
-3.286645,51,15364.570156
-2.128697,48,15366.672435
-11.522084,112,15372.052294
-20.01085,122,15378.700865
-4.273104,40,15380.965135
-4.810268,47,15383.41208
-12.56001,107,15389.06736
-8.428929,65,15392.613708
-4.117954,42,15395.014848
-4.724068,46,15397.554266
-14.176507,116,15403.559831
-19.477621,122,15410.442481
-4.346202,42,15412.547924
-5.245194,46,15415.508858
-12.989866,116,15421.857518
-8.218501,69,15425.441975
-4.282389,42,15427.807838
-4.828443,46,15430.726131
-12.656977,110,15469.396609
-7.942409,66,15473.218526
-3.906837,40,15475.840422
-4.748823,48,15478.554503
-12.458953,111,15485.42945
-9.036285,74,15489.745604
-5.424731,47,15492.232808
-5.03561,43,15495.255213
-13.796824,115,15502.056201
-18.490666,122,15508.580613
-3.228461,40,15511.019414
-5.483004,48,15514.20138

-20.370411,122,15508.108838
-4.578002,46,15510.878908
-4.891426,48,15514.051033
.863971
218,48,15478.232426
-4.346948,44,15480.984361
-12.01384,106,15487.710353
-19.685256,122,15494.657884
-4.167912,44,15497.568832
-4.282692,46,15500.284095
-12.341352,114,15506.419606
-18.780248,122,15513.634834
-4.515321,44,15516.374931
,71,15482.943718
-3.42299,39,15485.437014
-4.491927,45,15488.00538
-12.347657,108,15494.447208
-8.547314,68,15498.47984
-4.747894,46,15501.348628
-4.516855,44,15503.806071
-12.432905,110,15509.812618
-6.96081,65,15513.738492

-4.065774,42,15496.797335
-11.761894,107,15502.941242
-19.544236,122,15509.791934
-4.2885,40,15512.289715

-8.642687,71,15431.307091
-5.048491,46,15466.875536
-4.78668,44,15469.824466
-11.496553,108,15475.893065
-6.475236,60,15479.777802
-3.991138,42,15482.364208
-4.676857,44,15485.115177
-10.90794,107,15491.262284
-7.476584,64,15495.223641
-5.204561,47,15498.127183
-4.502005,44,15500.734362
-12.954109,114,15506.655426
-6.528308,62,15510.366
-4.569028,43,15513.146345
.274798
-4.785529,44,15483.971169
-15.754097,122,15491.415099
-3.88639,42,15493.809633
-5.16197,46,15496.49402
-12.444757,107,15502.782143
-19.451484,122,15509.481306
-5.629548,48,15512.42243
